width,height,rimsize,search url
width,height,rimsize,search url
155,70,13,https://www.pitstoparabia.com/en/advancesearch?dir=asc&form_key=VL8tzrixlRvQYeT6&width=221&height=19&rim_size=235&rear_width=&rear_height=&rear_rim_size=&sizelocation=Dubai
165,None,13C,https://www.pitstoparabia.com/en/advancesearch?dir=asc&form_key=VL8tzrixlRvQYeT6&width=219&height=516&rim_size=520&rear_width=&rear_height=&rear_rim_size=&sizelocation=Dubai
165,60,13C,https://www.pitstoparabia.com/en/advancesearch?dir=asc&form_key=VL8tzrixlRvQYeT6&width=219&height=516&rim_size=520&rear_width=&rear_height=&rear_rim_size=&sizelocation=Dubai
165,65,14,https://www.pitstoparabia.com/en/advancesearch?dir=asc&form_key=VL8tzrixlRvQYeT6&width=219&height=227&rim_size=238&rear_width=&rear_height=&rear_rim_size=&sizelocation=Dubai
165,70,13,https://www.pitstoparabia.com/en/advancesearch?dir=asc&form_key=VL8tzrixlRvQYeT6&width=219&height=19&rim_size=235&rear_width=&rear_height=&rear_rim_size=&sizelocation=Dubai
165,70,14,https://www.pitstoparabia.com/en/advancesearch?dir=asc&form_key=VL8tzrixlRvQYeT6&width=219&height=19&rim_size=238&rear_width=&rear_height=&rear_rim_size=&sizelocation=Dubai
175,50,15,https://www.pitstoparabia.com/en/advancesearch?dir=asc&form_key=VL8tzrixlRvQYeT6&width=217&height=17&rim_size=239&rear_width=&rear_height=&rear_rim_size=&sizelocation=Dubai
175,55,15,https://www.pitstoparabia.com/en/advancesearch?dir=asc&form_key=VL8tzrixlRvQYeT6&width=217&height=228&rim_size=239&rear_width=&rear_height=&rear_rim_size=&sizelocation=Dubai
175,60,13,https://www.pitstoparabia.com/en/advancesearch?dir=asc&form_key=VL8tzrixlRvQYeT6&width=217&height=18&rim_size=235&rear_width=&rear_height=&rear_rim_size=&sizelocation=Dubai
175,60,14,https://www.pitstoparabia.com/en/advancesearch?dir=asc&form_key=VL8tzrixlRvQYeT6&width=217&height=18&rim_size=238&rear_width=&rear_height=&rear_rim_size=&sizelocation=Dubai
175,60,15,https://www.pitstoparabia.com/en/advancesearch?dir=asc&form_key=VL8tzrixlRvQYeT6&width=217&height=18&rim_size=239&rear_width=&rear_height=&rear_rim_size=&sizelocation=Dubai
175,65,14,https://www.pitstoparabia.com/en/advancesearch?dir=asc&form_key=VL8tzrixlRvQYeT6&width=217&height=227&rim_size=238&rear_width=&rear_height=&rear_rim_size=&sizelocation=Dubai
175,65,15,https://www.pitstoparabia.com/en/advancesearch?dir=asc&form_key=VL8tzrixlRvQYeT6&width=217&height=227&rim_size=239&rear_width=&rear_height=&rear_rim_size=&sizelocation=Dubai
175,70,13,https://www.pitstoparabia.com/en/advancesearch?dir=asc&form_key=VL8tzrixlRvQYeT6&width=217&height=19&rim_size=235&rear_width=&rear_height=&rear_rim_size=&sizelocation=Dubai
175,70,14,https://www.pitstoparabia.com/en/advancesearch?dir=asc&form_key=VL8tzrixlRvQYeT6&width=217&height=19&rim_size=238&rear_width=&rear_height=&rear_rim_size=&sizelocation=Dubai
185,None,14C,https://www.pitstoparabia.com/en/advancesearch?dir=asc&form_key=VL8tzrixlRvQYeT6&width=215&height=516&rim_size=518&rear_width=&rear_height=&rear_rim_size=&sizelocation=Dubai
185,55,14,https://www.pitstoparabia.com/en/advancesearch?dir=asc&form_key=VL8tzrixlRvQYeT6&width=215&height=228&rim_size=238&rear_width=&rear_height=&rear_rim_size=&sizelocation=Dubai
185,55,15,https://www.pitstoparabia.com/en/advancesearch?dir=asc&form_key=VL8tzrixlRvQYeT6&width=215&height=228&rim_size=239&rear_width=&rear_height=&rear_rim_size=&sizelocation=Dubai
185,55,16,https://www.pitstoparabia.com/en/advancesearch?dir=asc&form_key=VL8tzrixlRvQYeT6&width=215&height=228&rim_size=20&rear_width=&rear_height=&rear_rim_size=&sizelocation=Dubai
185,60,14,https://www.pitstoparabia.com/en/advancesearch?dir=asc&form_key=VL8tzrixlRvQYeT6&width=215&height=18&rim_size=238&rear_width=&rear_height=&rear_rim_size=&sizelocation=Dubai
185,60,15,https://www.pitstoparabia.com/en/advancesearch?dir=asc&form_key=VL8tzrixlRvQYeT6&width=215&height=18&rim_size=239&rear_width=&rear_height=&rear_rim_size=&sizelocation=Dubai
185,65,14,https://www.pitstoparabia.com/en/advancesearch?dir=asc&form_key=VL8tzrixlRvQYeT6&width=215&height=227&rim_size=238&rear_width=&rear_height=&rear_rim_size=&sizelocation=Dubai
185,65,15,https://www.pitstoparabia.com/en/advancesearch?dir=asc&form_key=VL8tzrixlRvQYeT6&width=215&height=227&rim_size=239&rear_width=&rear_height=&rear_rim_size=&sizelocation=Dubai
185,70,14,https://www.pitstoparabia.com/en/advancesearch?dir=asc&form_key=VL8tzrixlRvQYeT6&width=215&height=19&rim_size=238&rear_width=&rear_height=&rear_rim_size=&sizelocation=Dubai
195,None,14C,https://www.pitstoparabia.com/en/advancesearch?dir=asc&form_key=VL8tzrixlRvQYeT6&width=213&height=516&rim_size=518&rear_width=&rear_height=&rear_rim_size=&sizelocation=Dubai
195,None,15C,https://www.pitstoparabia.com/en/advancesearch?dir=asc&form_key=VL8tzrixlRvQYeT6&width=213&height=516&rim_size=515&rear_width=&rear_height=&rear_rim_size=&sizelocation=Dubai
195,None,16C,https://www.pitstoparabia.com/en/advancesearch?dir=asc&form_key=VL8tzrixlRvQYeT6&width=213&height=516&rim_size=528&rear_width=&rear_height=&rear_rim_size=&sizelocation=Dubai
195,45,16,https://www.pitstoparabia.com/en/advancesearch?dir=asc&form_key=VL8tzrixlRvQYeT6&width=213&height=229&rim_size=20&rear_width=&rear_height=&rear_rim_size=&sizelocation=Dubai
195,50,15,https://www.pitstoparabia.com/en/advancesearch?dir=asc&form_key=VL8tzrixlRvQYeT6&width=213&height=17&rim_size=239&rear_width=&rear_height=&rear_rim_size=&sizelocation=Dubai
195,50,16,https://www.pitstoparabia.com/en/advancesearch?dir=asc&form_key=VL8tzrixlRvQYeT6&width=213&height=17&rim_size=20&rear_width=&rear_height=&rear_rim_size=&sizelocation=Dubai
195,55,15,https://www.pitstoparabia.com/en/advancesearch?dir=asc&form_key=VL8tzrixlRvQYeT6&width=213&height=228&rim_size=239&rear_width=&rear_height=&rear_rim_size=&sizelocation=Dubai
195,55,16,https://www.pitstoparabia.com/en/advancesearch?dir=asc&form_key=VL8tzrixlRvQYeT6&width=213&height=228&rim_size=20&rear_width=&rear_height=&rear_rim_size=&sizelocation=Dubai
195,60,15,https://www.pitstoparabia.com/en/advancesearch?dir=asc&form_key=VL8tzrixlRvQYeT6&width=213&height=18&rim_size=239&rear_width=&rear_height=&rear_rim_size=&sizelocation=Dubai
195,60,16,https://www.pitstoparabia.com/en/advancesearch?dir=asc&form_key=VL8tzrixlRvQYeT6&width=213&height=18&rim_size=20&rear_width=&rear_height=&rear_rim_size=&sizelocation=Dubai
195,65,14,https://www.pitstoparabia.com/en/advancesearch?dir=asc&form_key=VL8tzrixlRvQYeT6&width=213&height=227&rim_size=238&rear_width=&rear_height=&rear_rim_size=&sizelocation=Dubai
195,65,15,https://www.pitstoparabia.com/en/advancesearch?dir=asc&form_key=VL8tzrixlRvQYeT6&width=213&height=227&rim_size=239&rear_width=&rear_height=&rear_rim_size=&sizelocation=Dubai
195,70,14,https://www.pitstoparabia.com/en/advancesearch?dir=asc&form_key=VL8tzrixlRvQYeT6&width=213&height=19&rim_size=238&rear_width=&rear_height=&rear_rim_size=&sizelocation=Dubai
195,70,15C,https://www.pitstoparabia.com/en/advancesearch?dir=asc&form_key=VL8tzrixlRvQYeT6&width=213&height=19&rim_size=515&rear_width=&rear_height=&rear_rim_size=&sizelocation=Dubai
195,75,16C,https://www.pitstoparabia.com/en/advancesearch?dir=asc&form_key=VL8tzrixlRvQYeT6&width=213&height=226&rim_size=528&rear_width=&rear_height=&rear_rim_size=&sizelocation=Dubai
195,80,15C,https://www.pitstoparabia.com/en/advancesearch?dir=asc&form_key=VL8tzrixlRvQYeT6&width=213&height=631&rim_size=515&rear_width=&rear_height=&rear_rim_size=&sizelocation=Dubai
205,None,16C,https://www.pitstoparabia.com/en/advancesearch?dir=asc&form_key=VL8tzrixlRvQYeT6&width=211&height=516&rim_size=528&rear_width=&rear_height=&rear_rim_size=&sizelocation=Dubai
205,40,17,https://www.pitstoparabia.com/en/advancesearch?dir=asc&form_key=VL8tzrixlRvQYeT6&width=211&height=48&rim_size=21&rear_width=&rear_height=&rear_rim_size=&sizelocation=Dubai
205,40,18,https://www.pitstoparabia.com/en/advancesearch?dir=asc&form_key=VL8tzrixlRvQYeT6&width=211&height=48&rim_size=22&rear_width=&rear_height=&rear_rim_size=&sizelocation=Dubai
205,45,16,https://www.pitstoparabia.com/en/advancesearch?dir=asc&form_key=VL8tzrixlRvQYeT6&width=211&height=229&rim_size=20&rear_width=&rear_height=&rear_rim_size=&sizelocation=Dubai
205,45,17,https://www.pitstoparabia.com/en/advancesearch?dir=asc&form_key=VL8tzrixlRvQYeT6&width=211&height=229&rim_size=21&rear_width=&rear_height=&rear_rim_size=&sizelocation=Dubai
205,50,15,https://www.pitstoparabia.com/en/advancesearch?dir=asc&form_key=VL8tzrixlRvQYeT6&width=211&height=17&rim_size=239&rear_width=&rear_height=&rear_rim_size=&sizelocation=Dubai
205,50,16,https://www.pitstoparabia.com/en/advancesearch?dir=asc&form_key=VL8tzrixlRvQYeT6&width=211&height=17&rim_size=20&rear_width=&rear_height=&rear_rim_size=&sizelocation=Dubai
205,50,17,https://www.pitstoparabia.com/en/advancesearch?dir=asc&form_key=VL8tzrixlRvQYeT6&width=211&height=17&rim_size=21&rear_width=&rear_height=&rear_rim_size=&sizelocation=Dubai
205,55,15,https://www.pitstoparabia.com/en/advancesearch?dir=asc&form_key=VL8tzrixlRvQYeT6&width=211&height=228&rim_size=239&rear_width=&rear_height=&rear_rim_size=&sizelocation=Dubai
205,55,16,https://www.pitstoparabia.com/en/advancesearch?dir=asc&form_key=VL8tzrixlRvQYeT6&width=211&height=228&rim_size=20&rear_width=&rear_height=&rear_rim_size=&sizelocation=Dubai
205,55,17,https://www.pitstoparabia.com/en/advancesearch?dir=asc&form_key=VL8tzrixlRvQYeT6&width=211&height=228&rim_size=21&rear_width=&rear_height=&rear_rim_size=&sizelocation=Dubai
205,60,15,https://www.pitstoparabia.com/en/advancesearch?dir=asc&form_key=VL8tzrixlRvQYeT6&width=211&height=18&rim_size=239&rear_width=&rear_height=&rear_rim_size=&sizelocation=Dubai
205,60,16,https://www.pitstoparabia.com/en/advancesearch?dir=asc&form_key=VL8tzrixlRvQYeT6&width=211&height=18&rim_size=20&rear_width=&rear_height=&rear_rim_size=&sizelocation=Dubai
205,65,15,https://www.pitstoparabia.com/en/advancesearch?dir=asc&form_key=VL8tzrixlRvQYeT6&width=211&height=227&rim_size=239&rear_width=&rear_height=&rear_rim_size=&sizelocation=Dubai
205,65,16,https://www.pitstoparabia.com/en/advancesearch?dir=asc&form_key=VL8tzrixlRvQYeT6&width=211&height=227&rim_size=20&rear_width=&rear_height=&rear_rim_size=&sizelocation=Dubai
205,65,16C,https://www.pitstoparabia.com/en/advancesearch?dir=asc&form_key=VL8tzrixlRvQYeT6&width=211&height=227&rim_size=528&rear_width=&rear_height=&rear_rim_size=&sizelocation=Dubai
205,70,14,https://www.pitstoparabia.com/en/advancesearch?dir=asc&form_key=VL8tzrixlRvQYeT6&width=211&height=19&rim_size=238&rear_width=&rear_height=&rear_rim_size=&sizelocation=Dubai
205,70,15,https://www.pitstoparabia.com/en/advancesearch?dir=asc&form_key=VL8tzrixlRvQYeT6&width=211&height=19&rim_size=239&rear_width=&rear_height=&rear_rim_size=&sizelocation=Dubai
205,70,15C,https://www.pitstoparabia.com/en/advancesearch?dir=asc&form_key=VL8tzrixlRvQYeT6&width=211&height=19&rim_size=515&rear_width=&rear_height=&rear_rim_size=&sizelocation=Dubai
205,75,14C,https://www.pitstoparabia.com/en/advancesearch?dir=asc&form_key=VL8tzrixlRvQYeT6&width=211&height=226&rim_size=518&rear_width=&rear_height=&rear_rim_size=&sizelocation=Dubai
205,80,16,https://www.pitstoparabia.com/en/advancesearch?dir=asc&form_key=VL8tzrixlRvQYeT6&width=211&height=631&rim_size=20&rear_width=&rear_height=&rear_rim_size=&sizelocation=Dubai
215,40,17,https://www.pitstoparabia.com/en/advancesearch?dir=asc&form_key=VL8tzrixlRvQYeT6&width=209&height=48&rim_size=21&rear_width=&rear_height=&rear_rim_size=&sizelocation=Dubai
215,40,18,https://www.pitstoparabia.com/en/advancesearch?dir=asc&form_key=VL8tzrixlRvQYeT6&width=209&height=48&rim_size=22&rear_width=&rear_height=&rear_rim_size=&sizelocation=Dubai
215,45,16,https://www.pitstoparabia.com/en/advancesearch?dir=asc&form_key=VL8tzrixlRvQYeT6&width=209&height=229&rim_size=20&rear_width=&rear_height=&rear_rim_size=&sizelocation=Dubai
215,45,17,https://www.pitstoparabia.com/en/advancesearch?dir=asc&form_key=VL8tzrixlRvQYeT6&width=209&height=229&rim_size=21&rear_width=&rear_height=&rear_rim_size=&sizelocation=Dubai
215,45,18,https://www.pitstoparabia.com/en/advancesearch?dir=asc&form_key=VL8tzrixlRvQYeT6&width=209&height=229&rim_size=22&rear_width=&rear_height=&rear_rim_size=&sizelocation=Dubai
215,50,17,https://www.pitstoparabia.com/en/advancesearch?dir=asc&form_key=VL8tzrixlRvQYeT6&width=209&height=17&rim_size=21&rear_width=&rear_height=&rear_rim_size=&sizelocation=Dubai
215,55,16,https://www.pitstoparabia.com/en/advancesearch?dir=asc&form_key=VL8tzrixlRvQYeT6&width=209&height=228&rim_size=20&rear_width=&rear_height=&rear_rim_size=&sizelocation=Dubai
215,55,17,https://www.pitstoparabia.com/en/advancesearch?dir=asc&form_key=VL8tzrixlRvQYeT6&width=209&height=228&rim_size=21&rear_width=&rear_height=&rear_rim_size=&sizelocation=Dubai
215,55,18,https://www.pitstoparabia.com/en/advancesearch?dir=asc&form_key=VL8tzrixlRvQYeT6&width=209&height=228&rim_size=22&rear_width=&rear_height=&rear_rim_size=&sizelocation=Dubai
215,60,16,https://www.pitstoparabia.com/en/advancesearch?dir=asc&form_key=VL8tzrixlRvQYeT6&width=209&height=18&rim_size=20&rear_width=&rear_height=&rear_rim_size=&sizelocation=Dubai
215,60,17,https://www.pitstoparabia.com/en/advancesearch?dir=asc&form_key=VL8tzrixlRvQYeT6&width=209&height=18&rim_size=21&rear_width=&rear_height=&rear_rim_size=&sizelocation=Dubai
215,65,15,https://www.pitstoparabia.com/en/advancesearch?dir=asc&form_key=VL8tzrixlRvQYeT6&width=209&height=227&rim_size=239&rear_width=&rear_height=&rear_rim_size=&sizelocation=Dubai
215,65,16,https://www.pitstoparabia.com/en/advancesearch?dir=asc&form_key=VL8tzrixlRvQYeT6&width=209&height=227&rim_size=20&rear_width=&rear_height=&rear_rim_size=&sizelocation=Dubai
215,65,17,https://www.pitstoparabia.com/en/advancesearch?dir=asc&form_key=VL8tzrixlRvQYeT6&width=209&height=227&rim_size=21&rear_width=&rear_height=&rear_rim_size=&sizelocation=Dubai
215,65,16C,https://www.pitstoparabia.com/en/advancesearch?dir=asc&form_key=VL8tzrixlRvQYeT6&width=209&height=227&rim_size=528&rear_width=&rear_height=&rear_rim_size=&sizelocation=Dubai
215,70,14,https://www.pitstoparabia.com/en/advancesearch?dir=asc&form_key=VL8tzrixlRvQYeT6&width=209&height=19&rim_size=238&rear_width=&rear_height=&rear_rim_size=&sizelocation=Dubai
215,70,15,https://www.pitstoparabia.com/en/advancesearch?dir=asc&form_key=VL8tzrixlRvQYeT6&width=209&height=19&rim_size=239&rear_width=&rear_height=&rear_rim_size=&sizelocation=Dubai
215,70,16,https://www.pitstoparabia.com/en/advancesearch?dir=asc&form_key=VL8tzrixlRvQYeT6&width=209&height=19&rim_size=20&rear_width=&rear_height=&rear_rim_size=&sizelocation=Dubai
215,70,15C,https://www.pitstoparabia.com/en/advancesearch?dir=asc&form_key=VL8tzrixlRvQYeT6&width=209&height=19&rim_size=515&rear_width=&rear_height=&rear_rim_size=&sizelocation=Dubai
215,70,16C,https://www.pitstoparabia.com/en/advancesearch?dir=asc&form_key=VL8tzrixlRvQYeT6&width=209&height=19&rim_size=528&rear_width=&rear_height=&rear_rim_size=&sizelocation=Dubai
215,75,15,https://www.pitstoparabia.com/en/advancesearch?dir=asc&form_key=VL8tzrixlRvQYeT6&width=209&height=226&rim_size=239&rear_width=&rear_height=&rear_rim_size=&sizelocation=Dubai
225,35,18,https://www.pitstoparabia.com/en/advancesearch?dir=asc&form_key=VL8tzrixlRvQYeT6&width=207&height=230&rim_size=22&rear_width=&rear_height=&rear_rim_size=&sizelocation=Dubai
225,35,19,https://www.pitstoparabia.com/en/advancesearch?dir=asc&form_key=VL8tzrixlRvQYeT6&width=207&height=230&rim_size=23&rear_width=&rear_height=&rear_rim_size=&sizelocation=Dubai
225,35,20,https://www.pitstoparabia.com/en/advancesearch?dir=asc&form_key=VL8tzrixlRvQYeT6&width=207&height=230&rim_size=243&rear_width=&rear_height=&rear_rim_size=&sizelocation=Dubai
225,40,18,https://www.pitstoparabia.com/en/advancesearch?dir=asc&form_key=VL8tzrixlRvQYeT6&width=207&height=48&rim_size=22&rear_width=&rear_height=&rear_rim_size=&sizelocation=Dubai
225,40,19,https://www.pitstoparabia.com/en/advancesearch?dir=asc&form_key=VL8tzrixlRvQYeT6&width=207&height=48&rim_size=23&rear_width=&rear_height=&rear_rim_size=&sizelocation=Dubai
225,40,20,https://www.pitstoparabia.com/en/advancesearch?dir=asc&form_key=VL8tzrixlRvQYeT6&width=207&height=48&rim_size=243&rear_width=&rear_height=&rear_rim_size=&sizelocation=Dubai
225,45,17,https://www.pitstoparabia.com/en/advancesearch?dir=asc&form_key=VL8tzrixlRvQYeT6&width=207&height=229&rim_size=21&rear_width=&rear_height=&rear_rim_size=&sizelocation=Dubai
225,45,18,https://www.pitstoparabia.com/en/advancesearch?dir=asc&form_key=VL8tzrixlRvQYeT6&width=207&height=229&rim_size=22&rear_width=&rear_height=&rear_rim_size=&sizelocation=Dubai
225,45,19,https://www.pitstoparabia.com/en/advancesearch?dir=asc&form_key=VL8tzrixlRvQYeT6&width=207&height=229&rim_size=23&rear_width=&rear_height=&rear_rim_size=&sizelocation=Dubai
225,50,17,https://www.pitstoparabia.com/en/advancesearch?dir=asc&form_key=VL8tzrixlRvQYeT6&width=207&height=17&rim_size=21&rear_width=&rear_height=&rear_rim_size=&sizelocation=Dubai
225,50,18,https://www.pitstoparabia.com/en/advancesearch?dir=asc&form_key=VL8tzrixlRvQYeT6&width=207&height=17&rim_size=22&rear_width=&rear_height=&rear_rim_size=&sizelocation=Dubai
225,55,16,https://www.pitstoparabia.com/en/advancesearch?dir=asc&form_key=VL8tzrixlRvQYeT6&width=207&height=228&rim_size=20&rear_width=&rear_height=&rear_rim_size=&sizelocation=Dubai
225,55,17,https://www.pitstoparabia.com/en/advancesearch?dir=asc&form_key=VL8tzrixlRvQYeT6&width=207&height=228&rim_size=21&rear_width=&rear_height=&rear_rim_size=&sizelocation=Dubai
225,55,18,https://www.pitstoparabia.com/en/advancesearch?dir=asc&form_key=VL8tzrixlRvQYeT6&width=207&height=228&rim_size=22&rear_width=&rear_height=&rear_rim_size=&sizelocation=Dubai
225,55,19,https://www.pitstoparabia.com/en/advancesearch?dir=asc&form_key=VL8tzrixlRvQYeT6&width=207&height=228&rim_size=23&rear_width=&rear_height=&rear_rim_size=&sizelocation=Dubai
225,60,15,https://www.pitstoparabia.com/en/advancesearch?dir=asc&form_key=VL8tzrixlRvQYeT6&width=207&height=18&rim_size=239&rear_width=&rear_height=&rear_rim_size=&sizelocation=Dubai
225,60,16,https://www.pitstoparabia.com/en/advancesearch?dir=asc&form_key=VL8tzrixlRvQYeT6&width=207&height=18&rim_size=20&rear_width=&rear_height=&rear_rim_size=&sizelocation=Dubai
225,60,17,https://www.pitstoparabia.com/en/advancesearch?dir=asc&form_key=VL8tzrixlRvQYeT6&width=207&height=18&rim_size=21&rear_width=&rear_height=&rear_rim_size=&sizelocation=Dubai
225,60,18,https://www.pitstoparabia.com/en/advancesearch?dir=asc&form_key=VL8tzrixlRvQYeT6&width=207&height=18&rim_size=22&rear_width=&rear_height=&rear_rim_size=&sizelocation=Dubai
225,65,16,https://www.pitstoparabia.com/en/advancesearch?dir=asc&form_key=VL8tzrixlRvQYeT6&width=207&height=227&rim_size=20&rear_width=&rear_height=&rear_rim_size=&sizelocation=Dubai
225,65,17,https://www.pitstoparabia.com/en/advancesearch?dir=asc&form_key=VL8tzrixlRvQYeT6&width=207&height=227&rim_size=21&rear_width=&rear_height=&rear_rim_size=&sizelocation=Dubai
225,65,18,https://www.pitstoparabia.com/en/advancesearch?dir=asc&form_key=VL8tzrixlRvQYeT6&width=207&height=227&rim_size=22&rear_width=&rear_height=&rear_rim_size=&sizelocation=Dubai
225,65,16C,https://www.pitstoparabia.com/en/advancesearch?dir=asc&form_key=VL8tzrixlRvQYeT6&width=207&height=227&rim_size=528&rear_width=&rear_height=&rear_rim_size=&sizelocation=Dubai
225,70,15,https://www.pitstoparabia.com/en/advancesearch?dir=asc&form_key=VL8tzrixlRvQYeT6&width=207&height=19&rim_size=239&rear_width=&rear_height=&rear_rim_size=&sizelocation=Dubai
225,70,16,https://www.pitstoparabia.com/en/advancesearch?dir=asc&form_key=VL8tzrixlRvQYeT6&width=207&height=19&rim_size=20&rear_width=&rear_height=&rear_rim_size=&sizelocation=Dubai
225,70,17,https://www.pitstoparabia.com/en/advancesearch?dir=asc&form_key=VL8tzrixlRvQYeT6&width=207&height=19&rim_size=21&rear_width=&rear_height=&rear_rim_size=&sizelocation=Dubai
225,70,15C,https://www.pitstoparabia.com/en/advancesearch?dir=asc&form_key=VL8tzrixlRvQYeT6&width=207&height=19&rim_size=515&rear_width=&rear_height=&rear_rim_size=&sizelocation=Dubai
225,75,16,https://www.pitstoparabia.com/en/advancesearch?dir=asc&form_key=VL8tzrixlRvQYeT6&width=207&height=226&rim_size=20&rear_width=&rear_height=&rear_rim_size=&sizelocation=Dubai
225,75,16C,https://www.pitstoparabia.com/en/advancesearch?dir=asc&form_key=VL8tzrixlRvQYeT6&width=207&height=226&rim_size=528&rear_width=&rear_height=&rear_rim_size=&sizelocation=Dubai
235,35,19,https://www.pitstoparabia.com/en/advancesearch?dir=asc&form_key=VL8tzrixlRvQYeT6&width=205&height=230&rim_size=23&rear_width=&rear_height=&rear_rim_size=&sizelocation=Dubai
235,35,20,https://www.pitstoparabia.com/en/advancesearch?dir=asc&form_key=VL8tzrixlRvQYeT6&width=205&height=230&rim_size=243&rear_width=&rear_height=&rear_rim_size=&sizelocation=Dubai
235,40,17,https://www.pitstoparabia.com/en/advancesearch?dir=asc&form_key=VL8tzrixlRvQYeT6&width=205&height=48&rim_size=21&rear_width=&rear_height=&rear_rim_size=&sizelocation=Dubai
235,40,18,https://www.pitstoparabia.com/en/advancesearch?dir=asc&form_key=VL8tzrixlRvQYeT6&width=205&height=48&rim_size=22&rear_width=&rear_height=&rear_rim_size=&sizelocation=Dubai
235,40,19,https://www.pitstoparabia.com/en/advancesearch?dir=asc&form_key=VL8tzrixlRvQYeT6&width=205&height=48&rim_size=23&rear_width=&rear_height=&rear_rim_size=&sizelocation=Dubai
235,45,17,https://www.pitstoparabia.com/en/advancesearch?dir=asc&form_key=VL8tzrixlRvQYeT6&width=205&height=229&rim_size=21&rear_width=&rear_height=&rear_rim_size=&sizelocation=Dubai
235,45,18,https://www.pitstoparabia.com/en/advancesearch?dir=asc&form_key=VL8tzrixlRvQYeT6&width=205&height=229&rim_size=22&rear_width=&rear_height=&rear_rim_size=&sizelocation=Dubai
235,45,19,https://www.pitstoparabia.com/en/advancesearch?dir=asc&form_key=VL8tzrixlRvQYeT6&width=205&height=229&rim_size=23&rear_width=&rear_height=&rear_rim_size=&sizelocation=Dubai
235,45,20,https://www.pitstoparabia.com/en/advancesearch?dir=asc&form_key=VL8tzrixlRvQYeT6&width=205&height=229&rim_size=243&rear_width=&rear_height=&rear_rim_size=&sizelocation=Dubai
235,45,21,https://www.pitstoparabia.com/en/advancesearch?dir=asc&form_key=VL8tzrixlRvQYeT6&width=205&height=229&rim_size=275&rear_width=&rear_height=&rear_rim_size=&sizelocation=Dubai
235,50,17,https://www.pitstoparabia.com/en/advancesearch?dir=asc&form_key=VL8tzrixlRvQYeT6&width=205&height=17&rim_size=21&rear_width=&rear_height=&rear_rim_size=&sizelocation=Dubai
235,50,18,https://www.pitstoparabia.com/en/advancesearch?dir=asc&form_key=VL8tzrixlRvQYeT6&width=205&height=17&rim_size=22&rear_width=&rear_height=&rear_rim_size=&sizelocation=Dubai
235,50,19,https://www.pitstoparabia.com/en/advancesearch?dir=asc&form_key=VL8tzrixlRvQYeT6&width=205&height=17&rim_size=23&rear_width=&rear_height=&rear_rim_size=&sizelocation=Dubai
235,55,17,https://www.pitstoparabia.com/en/advancesearch?dir=asc&form_key=VL8tzrixlRvQYeT6&width=205&height=228&rim_size=21&rear_width=&rear_height=&rear_rim_size=&sizelocation=Dubai
235,55,18,https://www.pitstoparabia.com/en/advancesearch?dir=asc&form_key=VL8tzrixlRvQYeT6&width=205&height=228&rim_size=22&rear_width=&rear_height=&rear_rim_size=&sizelocation=Dubai
235,55,19,https://www.pitstoparabia.com/en/advancesearch?dir=asc&form_key=VL8tzrixlRvQYeT6&width=205&height=228&rim_size=23&rear_width=&rear_height=&rear_rim_size=&sizelocation=Dubai
235,55,20,https://www.pitstoparabia.com/en/advancesearch?dir=asc&form_key=VL8tzrixlRvQYeT6&width=205&height=228&rim_size=243&rear_width=&rear_height=&rear_rim_size=&sizelocation=Dubai
235,60,14,https://www.pitstoparabia.com/en/advancesearch?dir=asc&form_key=VL8tzrixlRvQYeT6&width=205&height=18&rim_size=238&rear_width=&rear_height=&rear_rim_size=&sizelocation=Dubai
235,60,15,https://www.pitstoparabia.com/en/advancesearch?dir=asc&form_key=VL8tzrixlRvQYeT6&width=205&height=18&rim_size=239&rear_width=&rear_height=&rear_rim_size=&sizelocation=Dubai
235,60,16,https://www.pitstoparabia.com/en/advancesearch?dir=asc&form_key=VL8tzrixlRvQYeT6&width=205&height=18&rim_size=20&rear_width=&rear_height=&rear_rim_size=&sizelocation=Dubai
235,60,17,https://www.pitstoparabia.com/en/advancesearch?dir=asc&form_key=VL8tzrixlRvQYeT6&width=205&height=18&rim_size=21&rear_width=&rear_height=&rear_rim_size=&sizelocation=Dubai
235,60,18,https://www.pitstoparabia.com/en/advancesearch?dir=asc&form_key=VL8tzrixlRvQYeT6&width=205&height=18&rim_size=22&rear_width=&rear_height=&rear_rim_size=&sizelocation=Dubai
235,65,16,https://www.pitstoparabia.com/en/advancesearch?dir=asc&form_key=VL8tzrixlRvQYeT6&width=205&height=227&rim_size=20&rear_width=&rear_height=&rear_rim_size=&sizelocation=Dubai
235,65,17,https://www.pitstoparabia.com/en/advancesearch?dir=asc&form_key=VL8tzrixlRvQYeT6&width=205&height=227&rim_size=21&rear_width=&rear_height=&rear_rim_size=&sizelocation=Dubai
235,65,18,https://www.pitstoparabia.com/en/advancesearch?dir=asc&form_key=VL8tzrixlRvQYeT6&width=205&height=227&rim_size=22&rear_width=&rear_height=&rear_rim_size=&sizelocation=Dubai
235,65,19,https://www.pitstoparabia.com/en/advancesearch?dir=asc&form_key=VL8tzrixlRvQYeT6&width=205&height=227&rim_size=23&rear_width=&rear_height=&rear_rim_size=&sizelocation=Dubai
235,65,16C,https://www.pitstoparabia.com/en/advancesearch?dir=asc&form_key=VL8tzrixlRvQYeT6&width=205&height=227&rim_size=528&rear_width=&rear_height=&rear_rim_size=&sizelocation=Dubai
235,70,15,https://www.pitstoparabia.com/en/advancesearch?dir=asc&form_key=VL8tzrixlRvQYeT6&width=205&height=19&rim_size=239&rear_width=&rear_height=&rear_rim_size=&sizelocation=Dubai
235,70,16,https://www.pitstoparabia.com/en/advancesearch?dir=asc&form_key=VL8tzrixlRvQYeT6&width=205&height=19&rim_size=20&rear_width=&rear_height=&rear_rim_size=&sizelocation=Dubai
235,75,15,https://www.pitstoparabia.com/en/advancesearch?dir=asc&form_key=VL8tzrixlRvQYeT6&width=205&height=226&rim_size=239&rear_width=&rear_height=&rear_rim_size=&sizelocation=Dubai
235,80,17,https://www.pitstoparabia.com/en/advancesearch?dir=asc&form_key=VL8tzrixlRvQYeT6&width=205&height=631&rim_size=21&rear_width=&rear_height=&rear_rim_size=&sizelocation=Dubai
235,85,16,https://www.pitstoparabia.com/en/advancesearch?dir=asc&form_key=VL8tzrixlRvQYeT6&width=205&height=225&rim_size=20&rear_width=&rear_height=&rear_rim_size=&sizelocation=Dubai
235,85,16C,https://www.pitstoparabia.com/en/advancesearch?dir=asc&form_key=VL8tzrixlRvQYeT6&width=205&height=225&rim_size=528&rear_width=&rear_height=&rear_rim_size=&sizelocation=Dubai
245,30,19,https://www.pitstoparabia.com/en/advancesearch?dir=asc&form_key=VL8tzrixlRvQYeT6&width=203&height=16&rim_size=23&rear_width=&rear_height=&rear_rim_size=&sizelocation=Dubai
245,30,20,https://www.pitstoparabia.com/en/advancesearch?dir=asc&form_key=VL8tzrixlRvQYeT6&width=203&height=16&rim_size=243&rear_width=&rear_height=&rear_rim_size=&sizelocation=Dubai
245,35,18,https://www.pitstoparabia.com/en/advancesearch?dir=asc&form_key=VL8tzrixlRvQYeT6&width=203&height=230&rim_size=22&rear_width=&rear_height=&rear_rim_size=&sizelocation=Dubai
245,35,19,https://www.pitstoparabia.com/en/advancesearch?dir=asc&form_key=VL8tzrixlRvQYeT6&width=203&height=230&rim_size=23&rear_width=&rear_height=&rear_rim_size=&sizelocation=Dubai
245,35,20,https://www.pitstoparabia.com/en/advancesearch?dir=asc&form_key=VL8tzrixlRvQYeT6&width=203&height=230&rim_size=243&rear_width=&rear_height=&rear_rim_size=&sizelocation=Dubai
245,35,21,https://www.pitstoparabia.com/en/advancesearch?dir=asc&form_key=VL8tzrixlRvQYeT6&width=203&height=230&rim_size=275&rear_width=&rear_height=&rear_rim_size=&sizelocation=Dubai
245,40,17,https://www.pitstoparabia.com/en/advancesearch?dir=asc&form_key=VL8tzrixlRvQYeT6&width=203&height=48&rim_size=21&rear_width=&rear_height=&rear_rim_size=&sizelocation=Dubai
245,40,18,https://www.pitstoparabia.com/en/advancesearch?dir=asc&form_key=VL8tzrixlRvQYeT6&width=203&height=48&rim_size=22&rear_width=&rear_height=&rear_rim_size=&sizelocation=Dubai
245,40,19,https://www.pitstoparabia.com/en/advancesearch?dir=asc&form_key=VL8tzrixlRvQYeT6&width=203&height=48&rim_size=23&rear_width=&rear_height=&rear_rim_size=&sizelocation=Dubai
245,40,20,https://www.pitstoparabia.com/en/advancesearch?dir=asc&form_key=VL8tzrixlRvQYeT6&width=203&height=48&rim_size=243&rear_width=&rear_height=&rear_rim_size=&sizelocation=Dubai
245,40,21,https://www.pitstoparabia.com/en/advancesearch?dir=asc&form_key=VL8tzrixlRvQYeT6&width=203&height=48&rim_size=275&rear_width=&rear_height=&rear_rim_size=&sizelocation=Dubai
245,45,17,https://www.pitstoparabia.com/en/advancesearch?dir=asc&form_key=VL8tzrixlRvQYeT6&width=203&height=229&rim_size=21&rear_width=&rear_height=&rear_rim_size=&sizelocation=Dubai
245,45,18,https://www.pitstoparabia.com/en/advancesearch?dir=asc&form_key=VL8tzrixlRvQYeT6&width=203&height=229&rim_size=22&rear_width=&rear_height=&rear_rim_size=&sizelocation=Dubai
245,45,19,https://www.pitstoparabia.com/en/advancesearch?dir=asc&form_key=VL8tzrixlRvQYeT6&width=203&height=229&rim_size=23&rear_width=&rear_height=&rear_rim_size=&sizelocation=Dubai
245,45,20,https://www.pitstoparabia.com/en/advancesearch?dir=asc&form_key=VL8tzrixlRvQYeT6&width=203&height=229&rim_size=243&rear_width=&rear_height=&rear_rim_size=&sizelocation=Dubai
245,45,21,https://www.pitstoparabia.com/en/advancesearch?dir=asc&form_key=VL8tzrixlRvQYeT6&width=203&height=229&rim_size=275&rear_width=&rear_height=&rear_rim_size=&sizelocation=Dubai
245,50,18,https://www.pitstoparabia.com/en/advancesearch?dir=asc&form_key=VL8tzrixlRvQYeT6&width=203&height=17&rim_size=22&rear_width=&rear_height=&rear_rim_size=&sizelocation=Dubai
245,50,19,https://www.pitstoparabia.com/en/advancesearch?dir=asc&form_key=VL8tzrixlRvQYeT6&width=203&height=17&rim_size=23&rear_width=&rear_height=&rear_rim_size=&sizelocation=Dubai
245,50,20,https://www.pitstoparabia.com/en/advancesearch?dir=asc&form_key=VL8tzrixlRvQYeT6&width=203&height=17&rim_size=243&rear_width=&rear_height=&rear_rim_size=&sizelocation=Dubai
245,55,19,https://www.pitstoparabia.com/en/advancesearch?dir=asc&form_key=VL8tzrixlRvQYeT6&width=203&height=228&rim_size=23&rear_width=&rear_height=&rear_rim_size=&sizelocation=Dubai
245,60,15,https://www.pitstoparabia.com/en/advancesearch?dir=asc&form_key=VL8tzrixlRvQYeT6&width=203&height=18&rim_size=239&rear_width=&rear_height=&rear_rim_size=&sizelocation=Dubai
245,60,18,https://www.pitstoparabia.com/en/advancesearch?dir=asc&form_key=VL8tzrixlRvQYeT6&width=203&height=18&rim_size=22&rear_width=&rear_height=&rear_rim_size=&sizelocation=Dubai
245,65,17,https://www.pitstoparabia.com/en/advancesearch?dir=asc&form_key=VL8tzrixlRvQYeT6&width=203&height=227&rim_size=21&rear_width=&rear_height=&rear_rim_size=&sizelocation=Dubai
245,70,16,https://www.pitstoparabia.com/en/advancesearch?dir=asc&form_key=VL8tzrixlRvQYeT6&width=203&height=19&rim_size=20&rear_width=&rear_height=&rear_rim_size=&sizelocation=Dubai
245,70,17,https://www.pitstoparabia.com/en/advancesearch?dir=asc&form_key=VL8tzrixlRvQYeT6&width=203&height=19&rim_size=21&rear_width=&rear_height=&rear_rim_size=&sizelocation=Dubai
245,75,16,https://www.pitstoparabia.com/en/advancesearch?dir=asc&form_key=VL8tzrixlRvQYeT6&width=203&height=226&rim_size=20&rear_width=&rear_height=&rear_rim_size=&sizelocation=Dubai
245,75,17,https://www.pitstoparabia.com/en/advancesearch?dir=asc&form_key=VL8tzrixlRvQYeT6&width=203&height=226&rim_size=21&rear_width=&rear_height=&rear_rim_size=&sizelocation=Dubai
255,30,19,https://www.pitstoparabia.com/en/advancesearch?dir=asc&form_key=VL8tzrixlRvQYeT6&width=201&height=16&rim_size=23&rear_width=&rear_height=&rear_rim_size=&sizelocation=Dubai
255,30,20,https://www.pitstoparabia.com/en/advancesearch?dir=asc&form_key=VL8tzrixlRvQYeT6&width=201&height=16&rim_size=243&rear_width=&rear_height=&rear_rim_size=&sizelocation=Dubai
255,30,22,https://www.pitstoparabia.com/en/advancesearch?dir=asc&form_key=VL8tzrixlRvQYeT6&width=201&height=16&rim_size=276&rear_width=&rear_height=&rear_rim_size=&sizelocation=Dubai
255,35,18,https://www.pitstoparabia.com/en/advancesearch?dir=asc&form_key=VL8tzrixlRvQYeT6&width=201&height=230&rim_size=22&rear_width=&rear_height=&rear_rim_size=&sizelocation=Dubai
255,35,19,https://www.pitstoparabia.com/en/advancesearch?dir=asc&form_key=VL8tzrixlRvQYeT6&width=201&height=230&rim_size=23&rear_width=&rear_height=&rear_rim_size=&sizelocation=Dubai
255,35,20,https://www.pitstoparabia.com/en/advancesearch?dir=asc&form_key=VL8tzrixlRvQYeT6&width=201&height=230&rim_size=243&rear_width=&rear_height=&rear_rim_size=&sizelocation=Dubai
255,35,21,https://www.pitstoparabia.com/en/advancesearch?dir=asc&form_key=VL8tzrixlRvQYeT6&width=201&height=230&rim_size=275&rear_width=&rear_height=&rear_rim_size=&sizelocation=Dubai
255,40,17,https://www.pitstoparabia.com/en/advancesearch?dir=asc&form_key=VL8tzrixlRvQYeT6&width=201&height=48&rim_size=21&rear_width=&rear_height=&rear_rim_size=&sizelocation=Dubai
255,40,18,https://www.pitstoparabia.com/en/advancesearch?dir=asc&form_key=VL8tzrixlRvQYeT6&width=201&height=48&rim_size=22&rear_width=&rear_height=&rear_rim_size=&sizelocation=Dubai
255,40,19,https://www.pitstoparabia.com/en/advancesearch?dir=asc&form_key=VL8tzrixlRvQYeT6&width=201&height=48&rim_size=23&rear_width=&rear_height=&rear_rim_size=&sizelocation=Dubai
255,40,20,https://www.pitstoparabia.com/en/advancesearch?dir=asc&form_key=VL8tzrixlRvQYeT6&width=201&height=48&rim_size=243&rear_width=&rear_height=&rear_rim_size=&sizelocation=Dubai
255,40,21,https://www.pitstoparabia.com/en/advancesearch?dir=asc&form_key=VL8tzrixlRvQYeT6&width=201&height=48&rim_size=275&rear_width=&rear_height=&rear_rim_size=&sizelocation=Dubai
255,40,22,https://www.pitstoparabia.com/en/advancesearch?dir=asc&form_key=VL8tzrixlRvQYeT6&width=201&height=48&rim_size=276&rear_width=&rear_height=&rear_rim_size=&sizelocation=Dubai
255,45,18,https://www.pitstoparabia.com/en/advancesearch?dir=asc&form_key=VL8tzrixlRvQYeT6&width=201&height=229&rim_size=22&rear_width=&rear_height=&rear_rim_size=&sizelocation=Dubai
255,45,19,https://www.pitstoparabia.com/en/advancesearch?dir=asc&form_key=VL8tzrixlRvQYeT6&width=201&height=229&rim_size=23&rear_width=&rear_height=&rear_rim_size=&sizelocation=Dubai
255,45,20,https://www.pitstoparabia.com/en/advancesearch?dir=asc&form_key=VL8tzrixlRvQYeT6&width=201&height=229&rim_size=243&rear_width=&rear_height=&rear_rim_size=&sizelocation=Dubai
255,45,22,https://www.pitstoparabia.com/en/advancesearch?dir=asc&form_key=VL8tzrixlRvQYeT6&width=201&height=229&rim_size=276&rear_width=&rear_height=&rear_rim_size=&sizelocation=Dubai
255,50,19,https://www.pitstoparabia.com/en/advancesearch?dir=asc&form_key=VL8tzrixlRvQYeT6&width=201&height=17&rim_size=23&rear_width=&rear_height=&rear_rim_size=&sizelocation=Dubai
255,50,20,https://www.pitstoparabia.com/en/advancesearch?dir=asc&form_key=VL8tzrixlRvQYeT6&width=201&height=17&rim_size=243&rear_width=&rear_height=&rear_rim_size=&sizelocation=Dubai
255,50,21,https://www.pitstoparabia.com/en/advancesearch?dir=asc&form_key=VL8tzrixlRvQYeT6&width=201&height=17&rim_size=275&rear_width=&rear_height=&rear_rim_size=&sizelocation=Dubai
255,55,18,https://www.pitstoparabia.com/en/advancesearch?dir=asc&form_key=VL8tzrixlRvQYeT6&width=201&height=228&rim_size=22&rear_width=&rear_height=&rear_rim_size=&sizelocation=Dubai
255,55,19,https://www.pitstoparabia.com/en/advancesearch?dir=asc&form_key=VL8tzrixlRvQYeT6&width=201&height=228&rim_size=23&rear_width=&rear_height=&rear_rim_size=&sizelocation=Dubai
255,55,20,https://www.pitstoparabia.com/en/advancesearch?dir=asc&form_key=VL8tzrixlRvQYeT6&width=201&height=228&rim_size=243&rear_width=&rear_height=&rear_rim_size=&sizelocation=Dubai
255,60,15,https://www.pitstoparabia.com/en/advancesearch?dir=asc&form_key=VL8tzrixlRvQYeT6&width=201&height=18&rim_size=239&rear_width=&rear_height=&rear_rim_size=&sizelocation=Dubai
255,60,17,https://www.pitstoparabia.com/en/advancesearch?dir=asc&form_key=VL8tzrixlRvQYeT6&width=201&height=18&rim_size=21&rear_width=&rear_height=&rear_rim_size=&sizelocation=Dubai
255,60,18,https://www.pitstoparabia.com/en/advancesearch?dir=asc&form_key=VL8tzrixlRvQYeT6&width=201&height=18&rim_size=22&rear_width=&rear_height=&rear_rim_size=&sizelocation=Dubai
255,60,19,https://www.pitstoparabia.com/en/advancesearch?dir=asc&form_key=VL8tzrixlRvQYeT6&width=201&height=18&rim_size=23&rear_width=&rear_height=&rear_rim_size=&sizelocation=Dubai
255,60,20,https://www.pitstoparabia.com/en/advancesearch?dir=asc&form_key=VL8tzrixlRvQYeT6&width=201&height=18&rim_size=243&rear_width=&rear_height=&rear_rim_size=&sizelocation=Dubai
255,65,17,https://www.pitstoparabia.com/en/advancesearch?dir=asc&form_key=VL8tzrixlRvQYeT6&width=201&height=227&rim_size=21&rear_width=&rear_height=&rear_rim_size=&sizelocation=Dubai
255,65,19,https://www.pitstoparabia.com/en/advancesearch?dir=asc&form_key=VL8tzrixlRvQYeT6&width=201&height=227&rim_size=23&rear_width=&rear_height=&rear_rim_size=&sizelocation=Dubai
255,70,15,https://www.pitstoparabia.com/en/advancesearch?dir=asc&form_key=VL8tzrixlRvQYeT6&width=201&height=19&rim_size=239&rear_width=&rear_height=&rear_rim_size=&sizelocation=Dubai
255,70,16,https://www.pitstoparabia.com/en/advancesearch?dir=asc&form_key=VL8tzrixlRvQYeT6&width=201&height=19&rim_size=20&rear_width=&rear_height=&rear_rim_size=&sizelocation=Dubai
255,70,18,https://www.pitstoparabia.com/en/advancesearch?dir=asc&form_key=VL8tzrixlRvQYeT6&width=201&height=19&rim_size=22&rear_width=&rear_height=&rear_rim_size=&sizelocation=Dubai
255,70,15C,https://www.pitstoparabia.com/en/advancesearch?dir=asc&form_key=VL8tzrixlRvQYeT6&width=201&height=19&rim_size=515&rear_width=&rear_height=&rear_rim_size=&sizelocation=Dubai
255,75,17,https://www.pitstoparabia.com/en/advancesearch?dir=asc&form_key=VL8tzrixlRvQYeT6&width=201&height=226&rim_size=21&rear_width=&rear_height=&rear_rim_size=&sizelocation=Dubai
265,30,19,https://www.pitstoparabia.com/en/advancesearch?dir=asc&form_key=VL8tzrixlRvQYeT6&width=199&height=16&rim_size=23&rear_width=&rear_height=&rear_rim_size=&sizelocation=Dubai
265,30,20,https://www.pitstoparabia.com/en/advancesearch?dir=asc&form_key=VL8tzrixlRvQYeT6&width=199&height=16&rim_size=243&rear_width=&rear_height=&rear_rim_size=&sizelocation=Dubai
265,30,22,https://www.pitstoparabia.com/en/advancesearch?dir=asc&form_key=VL8tzrixlRvQYeT6&width=199&height=16&rim_size=276&rear_width=&rear_height=&rear_rim_size=&sizelocation=Dubai
265,35,18,https://www.pitstoparabia.com/en/advancesearch?dir=asc&form_key=VL8tzrixlRvQYeT6&width=199&height=230&rim_size=22&rear_width=&rear_height=&rear_rim_size=&sizelocation=Dubai
265,35,19,https://www.pitstoparabia.com/en/advancesearch?dir=asc&form_key=VL8tzrixlRvQYeT6&width=199&height=230&rim_size=23&rear_width=&rear_height=&rear_rim_size=&sizelocation=Dubai
265,35,20,https://www.pitstoparabia.com/en/advancesearch?dir=asc&form_key=VL8tzrixlRvQYeT6&width=199&height=230&rim_size=243&rear_width=&rear_height=&rear_rim_size=&sizelocation=Dubai
265,35,21,https://www.pitstoparabia.com/en/advancesearch?dir=asc&form_key=VL8tzrixlRvQYeT6&width=199&height=230&rim_size=275&rear_width=&rear_height=&rear_rim_size=&sizelocation=Dubai
265,35,22,https://www.pitstoparabia.com/en/advancesearch?dir=asc&form_key=VL8tzrixlRvQYeT6&width=199&height=230&rim_size=276&rear_width=&rear_height=&rear_rim_size=&sizelocation=Dubai
265,40,18,https://www.pitstoparabia.com/en/advancesearch?dir=asc&form_key=VL8tzrixlRvQYeT6&width=199&height=48&rim_size=22&rear_width=&rear_height=&rear_rim_size=&sizelocation=Dubai
265,40,19,https://www.pitstoparabia.com/en/advancesearch?dir=asc&form_key=VL8tzrixlRvQYeT6&width=199&height=48&rim_size=23&rear_width=&rear_height=&rear_rim_size=&sizelocation=Dubai
265,40,20,https://www.pitstoparabia.com/en/advancesearch?dir=asc&form_key=VL8tzrixlRvQYeT6&width=199&height=48&rim_size=243&rear_width=&rear_height=&rear_rim_size=&sizelocation=Dubai
265,40,21,https://www.pitstoparabia.com/en/advancesearch?dir=asc&form_key=VL8tzrixlRvQYeT6&width=199&height=48&rim_size=275&rear_width=&rear_height=&rear_rim_size=&sizelocation=Dubai
265,40,22,https://www.pitstoparabia.com/en/advancesearch?dir=asc&form_key=VL8tzrixlRvQYeT6&width=199&height=48&rim_size=276&rear_width=&rear_height=&rear_rim_size=&sizelocation=Dubai
265,45,19,https://www.pitstoparabia.com/en/advancesearch?dir=asc&form_key=VL8tzrixlRvQYeT6&width=199&height=229&rim_size=23&rear_width=&rear_height=&rear_rim_size=&sizelocation=Dubai
265,45,20,https://www.pitstoparabia.com/en/advancesearch?dir=asc&form_key=VL8tzrixlRvQYeT6&width=199&height=229&rim_size=243&rear_width=&rear_height=&rear_rim_size=&sizelocation=Dubai
265,45,21,https://www.pitstoparabia.com/en/advancesearch?dir=asc&form_key=VL8tzrixlRvQYeT6&width=199&height=229&rim_size=275&rear_width=&rear_height=&rear_rim_size=&sizelocation=Dubai
265,50,15,https://www.pitstoparabia.com/en/advancesearch?dir=asc&form_key=VL8tzrixlRvQYeT6&width=199&height=17&rim_size=239&rear_width=&rear_height=&rear_rim_size=&sizelocation=Dubai
265,50,19,https://www.pitstoparabia.com/en/advancesearch?dir=asc&form_key=VL8tzrixlRvQYeT6&width=199&height=17&rim_size=23&rear_width=&rear_height=&rear_rim_size=&sizelocation=Dubai
265,50,20,https://www.pitstoparabia.com/en/advancesearch?dir=asc&form_key=VL8tzrixlRvQYeT6&width=199&height=17&rim_size=243&rear_width=&rear_height=&rear_rim_size=&sizelocation=Dubai
265,55,19,https://www.pitstoparabia.com/en/advancesearch?dir=asc&form_key=VL8tzrixlRvQYeT6&width=199&height=228&rim_size=23&rear_width=&rear_height=&rear_rim_size=&sizelocation=Dubai
265,55,20,https://www.pitstoparabia.com/en/advancesearch?dir=asc&form_key=VL8tzrixlRvQYeT6&width=199&height=228&rim_size=243&rear_width=&rear_height=&rear_rim_size=&sizelocation=Dubai
265,60,18,https://www.pitstoparabia.com/en/advancesearch?dir=asc&form_key=VL8tzrixlRvQYeT6&width=199&height=18&rim_size=22&rear_width=&rear_height=&rear_rim_size=&sizelocation=Dubai
265,65,17,https://www.pitstoparabia.com/en/advancesearch?dir=asc&form_key=VL8tzrixlRvQYeT6&width=199&height=227&rim_size=21&rear_width=&rear_height=&rear_rim_size=&sizelocation=Dubai
265,65,18,https://www.pitstoparabia.com/en/advancesearch?dir=asc&form_key=VL8tzrixlRvQYeT6&width=199&height=227&rim_size=22&rear_width=&rear_height=&rear_rim_size=&sizelocation=Dubai
265,70,15,https://www.pitstoparabia.com/en/advancesearch?dir=asc&form_key=VL8tzrixlRvQYeT6&width=199&height=19&rim_size=239&rear_width=&rear_height=&rear_rim_size=&sizelocation=Dubai
265,70,16,https://www.pitstoparabia.com/en/advancesearch?dir=asc&form_key=VL8tzrixlRvQYeT6&width=199&height=19&rim_size=20&rear_width=&rear_height=&rear_rim_size=&sizelocation=Dubai
265,70,17,https://www.pitstoparabia.com/en/advancesearch?dir=asc&form_key=VL8tzrixlRvQYeT6&width=199&height=19&rim_size=21&rear_width=&rear_height=&rear_rim_size=&sizelocation=Dubai
265,70,18,https://www.pitstoparabia.com/en/advancesearch?dir=asc&form_key=VL8tzrixlRvQYeT6&width=199&height=19&rim_size=22&rear_width=&rear_height=&rear_rim_size=&sizelocation=Dubai
265,75,16,https://www.pitstoparabia.com/en/advancesearch?dir=asc&form_key=VL8tzrixlRvQYeT6&width=199&height=226&rim_size=20&rear_width=&rear_height=&rear_rim_size=&sizelocation=Dubai
275,30,19,https://www.pitstoparabia.com/en/advancesearch?dir=asc&form_key=VL8tzrixlRvQYeT6&width=197&height=16&rim_size=23&rear_width=&rear_height=&rear_rim_size=&sizelocation=Dubai
275,30,20,https://www.pitstoparabia.com/en/advancesearch?dir=asc&form_key=VL8tzrixlRvQYeT6&width=197&height=16&rim_size=243&rear_width=&rear_height=&rear_rim_size=&sizelocation=Dubai
275,30,21,https://www.pitstoparabia.com/en/advancesearch?dir=asc&form_key=VL8tzrixlRvQYeT6&width=197&height=16&rim_size=275&rear_width=&rear_height=&rear_rim_size=&sizelocation=Dubai
275,30,24,https://www.pitstoparabia.com/en/advancesearch?dir=asc&form_key=VL8tzrixlRvQYeT6&width=197&height=16&rim_size=365&rear_width=&rear_height=&rear_rim_size=&sizelocation=Dubai
275,35,18,https://www.pitstoparabia.com/en/advancesearch?dir=asc&form_key=VL8tzrixlRvQYeT6&width=197&height=230&rim_size=22&rear_width=&rear_height=&rear_rim_size=&sizelocation=Dubai
275,35,19,https://www.pitstoparabia.com/en/advancesearch?dir=asc&form_key=VL8tzrixlRvQYeT6&width=197&height=230&rim_size=23&rear_width=&rear_height=&rear_rim_size=&sizelocation=Dubai
275,35,20,https://www.pitstoparabia.com/en/advancesearch?dir=asc&form_key=VL8tzrixlRvQYeT6&width=197&height=230&rim_size=243&rear_width=&rear_height=&rear_rim_size=&sizelocation=Dubai
275,35,21,https://www.pitstoparabia.com/en/advancesearch?dir=asc&form_key=VL8tzrixlRvQYeT6&width=197&height=230&rim_size=275&rear_width=&rear_height=&rear_rim_size=&sizelocation=Dubai
275,35,22,https://www.pitstoparabia.com/en/advancesearch?dir=asc&form_key=VL8tzrixlRvQYeT6&width=197&height=230&rim_size=276&rear_width=&rear_height=&rear_rim_size=&sizelocation=Dubai
275,40,18,https://www.pitstoparabia.com/en/advancesearch?dir=asc&form_key=VL8tzrixlRvQYeT6&width=197&height=48&rim_size=22&rear_width=&rear_height=&rear_rim_size=&sizelocation=Dubai
275,40,19,https://www.pitstoparabia.com/en/advancesearch?dir=asc&form_key=VL8tzrixlRvQYeT6&width=197&height=48&rim_size=23&rear_width=&rear_height=&rear_rim_size=&sizelocation=Dubai
275,40,20,https://www.pitstoparabia.com/en/advancesearch?dir=asc&form_key=VL8tzrixlRvQYeT6&width=197&height=48&rim_size=243&rear_width=&rear_height=&rear_rim_size=&sizelocation=Dubai
275,40,21,https://www.pitstoparabia.com/en/advancesearch?dir=asc&form_key=VL8tzrixlRvQYeT6&width=197&height=48&rim_size=275&rear_width=&rear_height=&rear_rim_size=&sizelocation=Dubai
275,40,22,https://www.pitstoparabia.com/en/advancesearch?dir=asc&form_key=VL8tzrixlRvQYeT6&width=197&height=48&rim_size=276&rear_width=&rear_height=&rear_rim_size=&sizelocation=Dubai
275,45,18,https://www.pitstoparabia.com/en/advancesearch?dir=asc&form_key=VL8tzrixlRvQYeT6&width=197&height=229&rim_size=22&rear_width=&rear_height=&rear_rim_size=&sizelocation=Dubai
275,45,19,https://www.pitstoparabia.com/en/advancesearch?dir=asc&form_key=VL8tzrixlRvQYeT6&width=197&height=229&rim_size=23&rear_width=&rear_height=&rear_rim_size=&sizelocation=Dubai
275,45,20,https://www.pitstoparabia.com/en/advancesearch?dir=asc&form_key=VL8tzrixlRvQYeT6&width=197&height=229&rim_size=243&rear_width=&rear_height=&rear_rim_size=&sizelocation=Dubai
275,45,21,https://www.pitstoparabia.com/en/advancesearch?dir=asc&form_key=VL8tzrixlRvQYeT6&width=197&height=229&rim_size=275&rear_width=&rear_height=&rear_rim_size=&sizelocation=Dubai
275,50,19,https://www.pitstoparabia.com/en/advancesearch?dir=asc&form_key=VL8tzrixlRvQYeT6&width=197&height=17&rim_size=23&rear_width=&rear_height=&rear_rim_size=&sizelocation=Dubai
275,50,20,https://www.pitstoparabia.com/en/advancesearch?dir=asc&form_key=VL8tzrixlRvQYeT6&width=197&height=17&rim_size=243&rear_width=&rear_height=&rear_rim_size=&sizelocation=Dubai
275,50,21,https://www.pitstoparabia.com/en/advancesearch?dir=asc&form_key=VL8tzrixlRvQYeT6&width=197&height=17&rim_size=275&rear_width=&rear_height=&rear_rim_size=&sizelocation=Dubai
275,50,22,https://www.pitstoparabia.com/en/advancesearch?dir=asc&form_key=VL8tzrixlRvQYeT6&width=197&height=17&rim_size=276&rear_width=&rear_height=&rear_rim_size=&sizelocation=Dubai
275,55,20,https://www.pitstoparabia.com/en/advancesearch?dir=asc&form_key=VL8tzrixlRvQYeT6&width=197&height=228&rim_size=243&rear_width=&rear_height=&rear_rim_size=&sizelocation=Dubai
275,60,15,https://www.pitstoparabia.com/en/advancesearch?dir=asc&form_key=VL8tzrixlRvQYeT6&width=197&height=18&rim_size=239&rear_width=&rear_height=&rear_rim_size=&sizelocation=Dubai
275,60,18,https://www.pitstoparabia.com/en/advancesearch?dir=asc&form_key=VL8tzrixlRvQYeT6&width=197&height=18&rim_size=22&rear_width=&rear_height=&rear_rim_size=&sizelocation=Dubai
275,60,20,https://www.pitstoparabia.com/en/advancesearch?dir=asc&form_key=VL8tzrixlRvQYeT6&width=197&height=18&rim_size=243&rear_width=&rear_height=&rear_rim_size=&sizelocation=Dubai
275,65,17,https://www.pitstoparabia.com/en/advancesearch?dir=asc&form_key=VL8tzrixlRvQYeT6&width=197&height=227&rim_size=21&rear_width=&rear_height=&rear_rim_size=&sizelocation=Dubai
275,65,18,https://www.pitstoparabia.com/en/advancesearch?dir=asc&form_key=VL8tzrixlRvQYeT6&width=197&height=227&rim_size=22&rear_width=&rear_height=&rear_rim_size=&sizelocation=Dubai
275,65,20,https://www.pitstoparabia.com/en/advancesearch?dir=asc&form_key=VL8tzrixlRvQYeT6&width=197&height=227&rim_size=243&rear_width=&rear_height=&rear_rim_size=&sizelocation=Dubai
275,70,16,https://www.pitstoparabia.com/en/advancesearch?dir=asc&form_key=VL8tzrixlRvQYeT6&width=197&height=19&rim_size=20&rear_width=&rear_height=&rear_rim_size=&sizelocation=Dubai
275,70,17,https://www.pitstoparabia.com/en/advancesearch?dir=asc&form_key=VL8tzrixlRvQYeT6&width=197&height=19&rim_size=21&rear_width=&rear_height=&rear_rim_size=&sizelocation=Dubai
275,70,18,https://www.pitstoparabia.com/en/advancesearch?dir=asc&form_key=VL8tzrixlRvQYeT6&width=197&height=19&rim_size=22&rear_width=&rear_height=&rear_rim_size=&sizelocation=Dubai
285,30,19,https://www.pitstoparabia.com/en/advancesearch?dir=asc&form_key=VL8tzrixlRvQYeT6&width=263&height=16&rim_size=23&rear_width=&rear_height=&rear_rim_size=&sizelocation=Dubai
285,30,20,https://www.pitstoparabia.com/en/advancesearch?dir=asc&form_key=VL8tzrixlRvQYeT6&width=263&height=16&rim_size=243&rear_width=&rear_height=&rear_rim_size=&sizelocation=Dubai
285,30,21,https://www.pitstoparabia.com/en/advancesearch?dir=asc&form_key=VL8tzrixlRvQYeT6&width=263&height=16&rim_size=275&rear_width=&rear_height=&rear_rim_size=&sizelocation=Dubai
285,35,19,https://www.pitstoparabia.com/en/advancesearch?dir=asc&form_key=VL8tzrixlRvQYeT6&width=263&height=230&rim_size=23&rear_width=&rear_height=&rear_rim_size=&sizelocation=Dubai
285,35,20,https://www.pitstoparabia.com/en/advancesearch?dir=asc&form_key=VL8tzrixlRvQYeT6&width=263&height=230&rim_size=243&rear_width=&rear_height=&rear_rim_size=&sizelocation=Dubai
285,35,21,https://www.pitstoparabia.com/en/advancesearch?dir=asc&form_key=VL8tzrixlRvQYeT6&width=263&height=230&rim_size=275&rear_width=&rear_height=&rear_rim_size=&sizelocation=Dubai
285,35,22,https://www.pitstoparabia.com/en/advancesearch?dir=asc&form_key=VL8tzrixlRvQYeT6&width=263&height=230&rim_size=276&rear_width=&rear_height=&rear_rim_size=&sizelocation=Dubai
285,35,23,https://www.pitstoparabia.com/en/advancesearch?dir=asc&form_key=VL8tzrixlRvQYeT6&width=263&height=230&rim_size=295&rear_width=&rear_height=&rear_rim_size=&sizelocation=Dubai
285,40,19,https://www.pitstoparabia.com/en/advancesearch?dir=asc&form_key=VL8tzrixlRvQYeT6&width=263&height=48&rim_size=23&rear_width=&rear_height=&rear_rim_size=&sizelocation=Dubai
285,40,20,https://www.pitstoparabia.com/en/advancesearch?dir=asc&form_key=VL8tzrixlRvQYeT6&width=263&height=48&rim_size=243&rear_width=&rear_height=&rear_rim_size=&sizelocation=Dubai
285,40,21,https://www.pitstoparabia.com/en/advancesearch?dir=asc&form_key=VL8tzrixlRvQYeT6&width=263&height=48&rim_size=275&rear_width=&rear_height=&rear_rim_size=&sizelocation=Dubai
285,40,22,https://www.pitstoparabia.com/en/advancesearch?dir=asc&form_key=VL8tzrixlRvQYeT6&width=263&height=48&rim_size=276&rear_width=&rear_height=&rear_rim_size=&sizelocation=Dubai
285,45,19,https://www.pitstoparabia.com/en/advancesearch?dir=asc&form_key=VL8tzrixlRvQYeT6&width=263&height=229&rim_size=23&rear_width=&rear_height=&rear_rim_size=&sizelocation=Dubai
285,45,20,https://www.pitstoparabia.com/en/advancesearch?dir=asc&form_key=VL8tzrixlRvQYeT6&width=263&height=229&rim_size=243&rear_width=&rear_height=&rear_rim_size=&sizelocation=Dubai
285,45,21,https://www.pitstoparabia.com/en/advancesearch?dir=asc&form_key=VL8tzrixlRvQYeT6&width=263&height=229&rim_size=275&rear_width=&rear_height=&rear_rim_size=&sizelocation=Dubai
285,45,22,https://www.pitstoparabia.com/en/advancesearch?dir=asc&form_key=VL8tzrixlRvQYeT6&width=263&height=229&rim_size=276&rear_width=&rear_height=&rear_rim_size=&sizelocation=Dubai
285,50,20,https://www.pitstoparabia.com/en/advancesearch?dir=asc&form_key=VL8tzrixlRvQYeT6&width=263&height=17&rim_size=243&rear_width=&rear_height=&rear_rim_size=&sizelocation=Dubai
285,55,20,https://www.pitstoparabia.com/en/advancesearch?dir=asc&form_key=VL8tzrixlRvQYeT6&width=263&height=228&rim_size=243&rear_width=&rear_height=&rear_rim_size=&sizelocation=Dubai
285,60,18,https://www.pitstoparabia.com/en/advancesearch?dir=asc&form_key=VL8tzrixlRvQYeT6&width=263&height=18&rim_size=22&rear_width=&rear_height=&rear_rim_size=&sizelocation=Dubai
285,65,17,https://www.pitstoparabia.com/en/advancesearch?dir=asc&form_key=VL8tzrixlRvQYeT6&width=263&height=227&rim_size=21&rear_width=&rear_height=&rear_rim_size=&sizelocation=Dubai
285,70,17,https://www.pitstoparabia.com/en/advancesearch?dir=asc&form_key=VL8tzrixlRvQYeT6&width=263&height=19&rim_size=21&rear_width=&rear_height=&rear_rim_size=&sizelocation=Dubai
285,75,16,https://www.pitstoparabia.com/en/advancesearch?dir=asc&form_key=VL8tzrixlRvQYeT6&width=263&height=226&rim_size=20&rear_width=&rear_height=&rear_rim_size=&sizelocation=Dubai
295,25,20,https://www.pitstoparabia.com/en/advancesearch?dir=asc&form_key=VL8tzrixlRvQYeT6&width=270&height=231&rim_size=243&rear_width=&rear_height=&rear_rim_size=&sizelocation=Dubai
295,25,22,https://www.pitstoparabia.com/en/advancesearch?dir=asc&form_key=VL8tzrixlRvQYeT6&width=270&height=231&rim_size=276&rear_width=&rear_height=&rear_rim_size=&sizelocation=Dubai
295,30,19,https://www.pitstoparabia.com/en/advancesearch?dir=asc&form_key=VL8tzrixlRvQYeT6&width=270&height=16&rim_size=23&rear_width=&rear_height=&rear_rim_size=&sizelocation=Dubai
295,30,20,https://www.pitstoparabia.com/en/advancesearch?dir=asc&form_key=VL8tzrixlRvQYeT6&width=270&height=16&rim_size=243&rear_width=&rear_height=&rear_rim_size=&sizelocation=Dubai
295,30,26,https://www.pitstoparabia.com/en/advancesearch?dir=asc&form_key=VL8tzrixlRvQYeT6&width=270&height=16&rim_size=786&rear_width=&rear_height=&rear_rim_size=&sizelocation=Dubai
295,35,19,https://www.pitstoparabia.com/en/advancesearch?dir=asc&form_key=VL8tzrixlRvQYeT6&width=270&height=230&rim_size=23&rear_width=&rear_height=&rear_rim_size=&sizelocation=Dubai
295,35,20,https://www.pitstoparabia.com/en/advancesearch?dir=asc&form_key=VL8tzrixlRvQYeT6&width=270&height=230&rim_size=243&rear_width=&rear_height=&rear_rim_size=&sizelocation=Dubai
295,35,21,https://www.pitstoparabia.com/en/advancesearch?dir=asc&form_key=VL8tzrixlRvQYeT6&width=270&height=230&rim_size=275&rear_width=&rear_height=&rear_rim_size=&sizelocation=Dubai
295,40,19,https://www.pitstoparabia.com/en/advancesearch?dir=asc&form_key=VL8tzrixlRvQYeT6&width=270&height=48&rim_size=23&rear_width=&rear_height=&rear_rim_size=&sizelocation=Dubai
295,40,20,https://www.pitstoparabia.com/en/advancesearch?dir=asc&form_key=VL8tzrixlRvQYeT6&width=270&height=48&rim_size=243&rear_width=&rear_height=&rear_rim_size=&sizelocation=Dubai
295,40,21,https://www.pitstoparabia.com/en/advancesearch?dir=asc&form_key=VL8tzrixlRvQYeT6&width=270&height=48&rim_size=275&rear_width=&rear_height=&rear_rim_size=&sizelocation=Dubai
295,40,22,https://www.pitstoparabia.com/en/advancesearch?dir=asc&form_key=VL8tzrixlRvQYeT6&width=270&height=48&rim_size=276&rear_width=&rear_height=&rear_rim_size=&sizelocation=Dubai
295,45,19,https://www.pitstoparabia.com/en/advancesearch?dir=asc&form_key=VL8tzrixlRvQYeT6&width=270&height=229&rim_size=23&rear_width=&rear_height=&rear_rim_size=&sizelocation=Dubai
295,45,20,https://www.pitstoparabia.com/en/advancesearch?dir=asc&form_key=VL8tzrixlRvQYeT6&width=270&height=229&rim_size=243&rear_width=&rear_height=&rear_rim_size=&sizelocation=Dubai
305,25,20,https://www.pitstoparabia.com/en/advancesearch?dir=asc&form_key=VL8tzrixlRvQYeT6&width=272&height=231&rim_size=243&rear_width=&rear_height=&rear_rim_size=&sizelocation=Dubai
305,30,19,https://www.pitstoparabia.com/en/advancesearch?dir=asc&form_key=VL8tzrixlRvQYeT6&width=272&height=16&rim_size=23&rear_width=&rear_height=&rear_rim_size=&sizelocation=Dubai
305,30,20,https://www.pitstoparabia.com/en/advancesearch?dir=asc&form_key=VL8tzrixlRvQYeT6&width=272&height=16&rim_size=243&rear_width=&rear_height=&rear_rim_size=&sizelocation=Dubai
305,30,26,https://www.pitstoparabia.com/en/advancesearch?dir=asc&form_key=VL8tzrixlRvQYeT6&width=272&height=16&rim_size=786&rear_width=&rear_height=&rear_rim_size=&sizelocation=Dubai
305,35,23,https://www.pitstoparabia.com/en/advancesearch?dir=asc&form_key=VL8tzrixlRvQYeT6&width=272&height=230&rim_size=295&rear_width=&rear_height=&rear_rim_size=&sizelocation=Dubai
305,35,24,https://www.pitstoparabia.com/en/advancesearch?dir=asc&form_key=VL8tzrixlRvQYeT6&width=272&height=230&rim_size=365&rear_width=&rear_height=&rear_rim_size=&sizelocation=Dubai
305,40,20,https://www.pitstoparabia.com/en/advancesearch?dir=asc&form_key=VL8tzrixlRvQYeT6&width=272&height=48&rim_size=243&rear_width=&rear_height=&rear_rim_size=&sizelocation=Dubai
305,40,22,https://www.pitstoparabia.com/en/advancesearch?dir=asc&form_key=VL8tzrixlRvQYeT6&width=272&height=48&rim_size=276&rear_width=&rear_height=&rear_rim_size=&sizelocation=Dubai
305,45,22,https://www.pitstoparabia.com/en/advancesearch?dir=asc&form_key=VL8tzrixlRvQYeT6&width=272&height=229&rim_size=276&rear_width=&rear_height=&rear_rim_size=&sizelocation=Dubai
305,70,16,https://www.pitstoparabia.com/en/advancesearch?dir=asc&form_key=VL8tzrixlRvQYeT6&width=272&height=19&rim_size=20&rear_width=&rear_height=&rear_rim_size=&sizelocation=Dubai
305,70,17,https://www.pitstoparabia.com/en/advancesearch?dir=asc&form_key=VL8tzrixlRvQYeT6&width=272&height=19&rim_size=21&rear_width=&rear_height=&rear_rim_size=&sizelocation=Dubai
315,25,23,https://www.pitstoparabia.com/en/advancesearch?dir=asc&form_key=VL8tzrixlRvQYeT6&width=271&height=231&rim_size=295&rear_width=&rear_height=&rear_rim_size=&sizelocation=Dubai
315,30,21,https://www.pitstoparabia.com/en/advancesearch?dir=asc&form_key=VL8tzrixlRvQYeT6&width=271&height=16&rim_size=275&rear_width=&rear_height=&rear_rim_size=&sizelocation=Dubai
315,30,22,https://www.pitstoparabia.com/en/advancesearch?dir=asc&form_key=VL8tzrixlRvQYeT6&width=271&height=16&rim_size=276&rear_width=&rear_height=&rear_rim_size=&sizelocation=Dubai
315,35,20,https://www.pitstoparabia.com/en/advancesearch?dir=asc&form_key=VL8tzrixlRvQYeT6&width=271&height=230&rim_size=243&rear_width=&rear_height=&rear_rim_size=&sizelocation=Dubai
315,35,21,https://www.pitstoparabia.com/en/advancesearch?dir=asc&form_key=VL8tzrixlRvQYeT6&width=271&height=230&rim_size=275&rear_width=&rear_height=&rear_rim_size=&sizelocation=Dubai
315,35,22,https://www.pitstoparabia.com/en/advancesearch?dir=asc&form_key=VL8tzrixlRvQYeT6&width=271&height=230&rim_size=276&rear_width=&rear_height=&rear_rim_size=&sizelocation=Dubai
315,40,21,https://www.pitstoparabia.com/en/advancesearch?dir=asc&form_key=VL8tzrixlRvQYeT6&width=271&height=48&rim_size=275&rear_width=&rear_height=&rear_rim_size=&sizelocation=Dubai
315,70,17,https://www.pitstoparabia.com/en/advancesearch?dir=asc&form_key=VL8tzrixlRvQYeT6&width=271&height=19&rim_size=21&rear_width=&rear_height=&rear_rim_size=&sizelocation=Dubai
315,75,16,https://www.pitstoparabia.com/en/advancesearch?dir=asc&form_key=VL8tzrixlRvQYeT6&width=271&height=226&rim_size=20&rear_width=&rear_height=&rear_rim_size=&sizelocation=Dubai
325,25,20,https://www.pitstoparabia.com/en/advancesearch?dir=asc&form_key=VL8tzrixlRvQYeT6&width=274&height=231&rim_size=243&rear_width=&rear_height=&rear_rim_size=&sizelocation=Dubai
325,30,19,https://www.pitstoparabia.com/en/advancesearch?dir=asc&form_key=VL8tzrixlRvQYeT6&width=274&height=16&rim_size=23&rear_width=&rear_height=&rear_rim_size=&sizelocation=Dubai
325,30,21,https://www.pitstoparabia.com/en/advancesearch?dir=asc&form_key=VL8tzrixlRvQYeT6&width=274&height=16&rim_size=275&rear_width=&rear_height=&rear_rim_size=&sizelocation=Dubai
325,35,22,https://www.pitstoparabia.com/en/advancesearch?dir=asc&form_key=VL8tzrixlRvQYeT6&width=274&height=230&rim_size=276&rear_width=&rear_height=&rear_rim_size=&sizelocation=Dubai
325,35,23,https://www.pitstoparabia.com/en/advancesearch?dir=asc&form_key=VL8tzrixlRvQYeT6&width=274&height=230&rim_size=295&rear_width=&rear_height=&rear_rim_size=&sizelocation=Dubai
325,40,22,https://www.pitstoparabia.com/en/advancesearch?dir=asc&form_key=VL8tzrixlRvQYeT6&width=274&height=48&rim_size=276&rear_width=&rear_height=&rear_rim_size=&sizelocation=Dubai
335,25,22,https://www.pitstoparabia.com/en/advancesearch?dir=asc&form_key=VL8tzrixlRvQYeT6&width=294&height=231&rim_size=276&rear_width=&rear_height=&rear_rim_size=&sizelocation=Dubai
335,30,20,https://www.pitstoparabia.com/en/advancesearch?dir=asc&form_key=VL8tzrixlRvQYeT6&width=294&height=16&rim_size=243&rear_width=&rear_height=&rear_rim_size=&sizelocation=Dubai
355,25,21,https://www.pitstoparabia.com/en/advancesearch?dir=asc&form_key=VL8tzrixlRvQYeT6&width=437&height=231&rim_size=275&rear_width=&rear_height=&rear_rim_size=&sizelocation=Dubai
31X,10.5,15,https://www.pitstoparabia.com/en/advancesearch?dir=asc&form_key=VL8tzrixlRvQYeT6&width=500&height=511&rim_size=239&rear_width=&rear_height=&rear_rim_size=&sizelocation=Dubai
33X,12.5,15,https://www.pitstoparabia.com/en/advancesearch?dir=asc&form_key=VL8tzrixlRvQYeT6&width=498&height=509&rim_size=239&rear_width=&rear_height=&rear_rim_size=&sizelocation=Dubai
33X,12.5,17,https://www.pitstoparabia.com/en/advancesearch?dir=asc&form_key=VL8tzrixlRvQYeT6&width=498&height=509&rim_size=21&rear_width=&rear_height=&rear_rim_size=&sizelocation=Dubai
33X,12.5,18,https://www.pitstoparabia.com/en/advancesearch?dir=asc&form_key=VL8tzrixlRvQYeT6&width=498&height=509&rim_size=22&rear_width=&rear_height=&rear_rim_size=&sizelocation=Dubai
35X,12.5,15,https://www.pitstoparabia.com/en/advancesearch?dir=asc&form_key=VL8tzrixlRvQYeT6&width=496&height=509&rim_size=239&rear_width=&rear_height=&rear_rim_size=&sizelocation=Dubai
35X,12.5,17,https://www.pitstoparabia.com/en/advancesearch?dir=asc&form_key=VL8tzrixlRvQYeT6&width=496&height=509&rim_size=21&rear_width=&rear_height=&rear_rim_size=&sizelocation=Dubai
35X,12.5,20,https://www.pitstoparabia.com/en/advancesearch?dir=asc&form_key=VL8tzrixlRvQYeT6&width=496&height=509&rim_size=243&rear_width=&rear_height=&rear_rim_size=&sizelocation=Dubai
