URL,sku,name,attribute_set,type,categories,description,short_description,price,qty,is_in_stock,manage_stock,use_config_manage_stock,status,visibility,weight,tax_class_id,image_link,image,thumbnail,small_image,manufacturer,country_of_manufacture,sidewall,special_price,tyre_width,tyre_height,tyre_rim_size,tyre_load,tyre_speed,tyre_type,year_of_manufacture,type_is_clearance,buy_3_get_1_Free,tyre_run_flat,extra_saving_column,cash_back
https://www.pitstoparabia.com/en/ziex-ze914-ecorun-32-33245,FN1955516Z1422,Ziex ZE914 EcoRun ,Default,Simple,Car Tyres,SKU: FN1955516Z1422 Ziex ZE914 EcoRun by Falken. Tyre Size:  195/55 R16,Ziex ZE914 EcoRun ,456.75,500,1,1,1,1,4,1,Taxable Goods,https://www.pitstoparabia.com/media/catalog/product/cache/1/image/362x336/9df78eab33525d08d6e5fb8d27136e95/z/e/ze914_12_1.jpg,ze914_12_1.jpg,ze914_12_1.jpg,ze914_12_1.jpg,Falken,Japan,Black Wall,"
351.75 ",195,55,R16,87,V,Car,2022,23%Off,no,0,Save EXTRA  100 AED  on Tyres when you fit at Select Installers,
https://www.pitstoparabia.com/en/ziex-ze914-ecorun-15-28805,FA327399-2021,Ziex ZE914 EcoRun ,Default,Simple,Car Tyres,SKU: FA327399-2021 Ziex ZE914 EcoRun by Falken. Tyre Size:  195/65 R15,Ziex ZE914 EcoRun ,268.86,500,1,1,1,1,4,1,Taxable Goods,https://www.pitstoparabia.com/media/catalog/product/cache/1/image/362x336/9df78eab33525d08d6e5fb8d27136e95/z/e/ze914_16.jpg,ze914_16.jpg,ze914_16.jpg,ze914_16.jpg,Falken,Japan,Black Wall,"
237.93 ",195,65,R15,91,H,Car,2021,12%Off,no,0,Save EXTRA  100 AED  on Tyres when you fit at Select Installers,
https://www.pitstoparabia.com/en/me3-maxxis-165-60r14-me3-29934,195-65R15-MX1-MAP5-2021,MECOTRA MA P5 ,Default,Simple,Car Tyres,SKU: 195-65R15-MX1-MAP5-2021 MECOTRA MA P5 by Maxxis. Tyre Size:  195/65 R15,MECOTRA MA P5 ,302.40,500,1,1,1,1,4,1,Taxable Goods,https://www.pitstoparabia.com/media/catalog/product/cache/1/image/362x336/9df78eab33525d08d6e5fb8d27136e95/m/a/map5_1_1_1_1_1.png,map5_1_1_1_1_1.png,map5_1_1_1_1_1.png,map5_1_1_1_1_1.png,Maxxis,Taiwan,Black Wall,"
232.05 ",195,65,R15,91,V,Car,2021,23%Off,no,0,,
https://www.pitstoparabia.com/en/n-blue-hd-plus-roa1200046221-31700,RO-1678-2022,N Blue Eco ,Default,Simple,Car Tyres,SKU: RO-1678-2022 N Blue Eco by Roadstone. Tyre Size:  195/65 R15,N Blue Eco ,260.31,500,1,1,1,1,4,1,Taxable Goods,https://www.pitstoparabia.com/media/catalog/product/cache/1/image/362x336/9df78eab33525d08d6e5fb8d27136e95/r/o/roadstone-n-blue-eco_1_1_1_1_2.png,roadstone-n-blue-eco_1_1_1_1_2.png,roadstone-n-blue-eco_1_1_1_1_2.png,roadstone-n-blue-eco_1_1_1_1_2.png,Roadstone,South Korea,Black Wall,"
230.36 ",195,65,R15,91,V,Car,2022,12%Off,no,0,,
https://www.pitstoparabia.com/en/riken-161z7501956515vrdpra-2019-33401,161Z7501956515VRDPRA-2022,Road Performance ,Default,Simple,Car Tyres,SKU: 161Z7501956515VRDPRA-2022 Road Performance by Riken. Tyre Size:  195/65 R15,Road Performance ,262.61,500,1,1,1,1,4,1,Taxable Goods,https://www.pitstoparabia.com/media/catalog/product/cache/1/image/362x336/9df78eab33525d08d6e5fb8d27136e95/r/i/riken_-_rp_-_semi_-_profile_2_1_1_2_1_2.png,riken_-_rp_-_semi_-_profile_2_1_1_2_1_2.png,riken_-_rp_-_semi_-_profile_2_1_1_2_1_2.png,riken_-_rp_-_semi_-_profile_2_1_1_2_1_2.png,Riken,Serbia,Black Wall,"
230.36 ",195,65,R15,91,V,Car,2022,12%Off,no,0,Save EXTRA  100 AED  on Tyres when you fit at Select Installers,
https://www.pitstoparabia.com/en/eco-pro-a-s-27741,A1956515ECOP1,Eco Pro AS ,Default,Simple,Car Tyres,SKU: A1956515ECOP1 Eco Pro AS by Arroyo. Tyre Size:  195/65 R15,Eco Pro AS ,287.70,500,1,1,1,1,4,1,Taxable Goods,https://www.pitstoparabia.com/media/catalog/product/cache/1/image/362x336/9df78eab33525d08d6e5fb8d27136e95/e/c/eco_pro_as_7.jpg,eco_pro_as_7.jpg,eco_pro_as_7.jpg,eco_pro_as_7.jpg,Arroyo,Thailand,Black Wall,"
221.55 ",195,65,R15,91,H,Car,2021,23%Off,no,0,Save EXTRA  100 AED  on Tyres when you fit at Select Installers,
https://www.pitstoparabia.com/en/atl19017-31769,ATL-23958-2022,Green ,Default,Simple,Car Tyres,SKU: ATL-23958-2022 Green by Atlas. Tyre Size:  195/65 R15,Green ,255.23,500,1,1,1,1,4,1,Taxable Goods,https://www.pitstoparabia.com/media/catalog/product/cache/1/image/362x336/9df78eab33525d08d6e5fb8d27136e95/a/t/atlas-green_459x700-197x300_4.png,atlas-green_459x700-197x300_4.png,atlas-green_459x700-197x300_4.png,atlas-green_459x700-197x300_4.png,Atlas,Thailand,Black Wall,"
216.30 ",195,65,R15,91,H,Car,2022,15%Off,no,0,Save EXTRA  100 AED  on Tyres when you fit at Select Installers,
https://www.pitstoparabia.com/en/thu-275-55r20-ht603-31872,FOR-1956515-2022,Perfectus FSR602 ,Default,Simple,Car Tyres,SKU: FOR-1956515-2022 Perfectus FSR602 by Fortune. Tyre Size:  195/65 R15,Perfectus FSR602 ,274.05,500,1,1,1,1,4,1,Taxable Goods,https://www.pitstoparabia.com/media/catalog/product/cache/1/image/362x336/9df78eab33525d08d6e5fb8d27136e95/f/o/fortune_perfectus_fsr602_3_1_3.jpeg,fortune_perfectus_fsr602_3_1_3.jpeg,fortune_perfectus_fsr602_3_1_3.jpeg,fortune_perfectus_fsr602_3_1_3.jpeg,Fortune,Thailand,Black Wall,"
211.05 ",195,65,R15,91,H,Car,2022,23%Off,no,0,,
https://www.pitstoparabia.com/en/thu-275-55r20-ht603-32222,MAT-9983-2022,Coloma ,Default,Simple,Car Tyres,SKU: MAT-9983-2022 Coloma by MatraX. Tyre Size:  195/65 R15,Coloma ,,500,1,1,1,1,4,1,Taxable Goods,https://www.pitstoparabia.com/media/catalog/product/cache/1/image/362x336/9df78eab33525d08d6e5fb8d27136e95/m/a/matrax_coloma_tire_3_5.jpg,matrax_coloma_tire_3_5.jpg,matrax_coloma_tire_3_5.jpg,matrax_coloma_tire_3_5.jpg,MatraX,Taiwan,Black Wall,"
 ",195,65,R15,91,H,Car,2022,,yes,0,Save EXTRA  100 AED  on Tyres when you fit at Select Installers, 
https://www.pitstoparabia.com/en/ek1000-8-32859,OT-1200041310-2022,EK1000 ,Default,Simple,Car Tyres,SKU: OT-1200041310-2022 EK1000 by Otani. Tyre Size:  195/65 R15,EK1000 ,236.72,500,1,1,1,1,4,1,Taxable Goods,https://www.pitstoparabia.com/media/catalog/product/cache/1/image/362x336/9df78eab33525d08d6e5fb8d27136e95/e/k/ek1000_20_1.jpg,ek1000_20_1.jpg,ek1000_20_1.jpg,ek1000_20_1.jpg,Otani,Thailand,Black Wall,"
207.65 ",195,65,R15,91,H,Car,2022,12%Off,no,0,,
https://www.pitstoparabia.com/en/ht1000-zee1200032143-32775,ZE-1200056639-2022,ZT5000 MAX ,Default,Simple,Car Tyres,SKU: ZE-1200056639-2022 ZT5000 MAX by Zeetex. Tyre Size:  195/65 R15,ZT5000 MAX ,230.14,500,1,1,1,1,4,1,Taxable Goods,https://www.pitstoparabia.com/media/catalog/product/cache/1/image/362x336/9df78eab33525d08d6e5fb8d27136e95/z/t/zt5000-max_1_1_1_1_1_1.png,zt5000-max_1_1_1_1_1_1.png,zt5000-max_1_1_1_1_1_1.png,zt5000-max_1_1_1_1_1_1.png,Zeetex,Thailand,Black Wall,"
205.49 ",195,65,R15,91,H,Car,2022,11%Off,no,0,,
https://www.pitstoparabia.com/en/nt830-11-nit-1200037019-28625,NI-1200049739-2021,NT830 ,Default,Simple,Car Tyres,SKU: NI-1200049739-2021 NT830 by Nitto. Tyre Size:  195/65 R15,NT830 ,230.98,500,1,1,1,1,4,1,Taxable Goods,https://www.pitstoparabia.com/media/catalog/product/cache/1/image/362x336/9df78eab33525d08d6e5fb8d27136e95/n/i/nitto_nt830_3_3_1_1.jpg,nitto_nt830_3_3_1_1.jpg,nitto_nt830_3_3_1_1.jpg,nitto_nt830_3_3_1_1.jpg,Nitto,Japan,Black Wall,"
204.40 ",195,65,R15,91,H,Car,2021,12%Off,no,0,,
https://www.pitstoparabia.com/en/g1000-31954,AU-195/65R15-G1000TL-2021,Grip 1000 ,Default,Simple,Car Tyres,SKU: AU-195/65R15-G1000TL-2021 Grip 1000 by AutoGrip. Tyre Size:  195/65 R15,Grip 1000 ,258.30,500,1,1,1,1,4,1,Taxable Goods,https://www.pitstoparabia.com/media/catalog/product/cache/1/image/362x336/9df78eab33525d08d6e5fb8d27136e95/g/r/grip-1000_1_1_1_1_1.png,grip-1000_1_1_1_1_1.png,grip-1000_1_1_1_1_1.png,grip-1000_1_1_1_1_1.png,AutoGrip,China,Black Wall,"
198.45 ",195,65,R15,91,H,Car,2021,23%Off,no,0,,
https://www.pitstoparabia.com/en/ra610-32309,ROT-4624-2022,RH05 ,Default,Simple,Car Tyres,SKU: ROT-4624-2022 RH05 by RoTaLLA. Tyre Size:  195/65 R15,RH05 ,253.05,500,1,1,1,1,4,1,Taxable Goods,https://www.pitstoparabia.com/media/catalog/product/cache/1/image/362x336/9df78eab33525d08d6e5fb8d27136e95/r/o/rotalla_rh05_1_2.jpg,rotalla_rh05_1_2.jpg,rotalla_rh05_1_2.jpg,rotalla_rh05_1_2.jpg,RoTaLLA,China,Black Wall,"
194.25 ",195,65,R15,91,V,Car,2022,23%Off,no,0,Save EXTRA  100 AED  on Tyres when you fit at Select Installers,
https://www.pitstoparabia.com/en/ecomile-29752,,,Default,Simple,,,,,500,1,1,1,1,4,1,Taxable Goods,,,,,,,,,195,65,R15,,,,,,no,0,,
https://www.pitstoparabia.com/en/roadmarch-5074-31225,RM-5076-2022,EcoPro 99 ,Default,Simple,Car Tyres,SKU: RM-5076-2022 EcoPro 99 by Road March. Tyre Size:  195/65 R15,EcoPro 99 ,245.70,500,1,1,1,1,4,1,Taxable Goods,https://www.pitstoparabia.com/media/catalog/product/cache/1/image/362x336/9df78eab33525d08d6e5fb8d27136e95/r/o/roadmarch-ecopro-99_11.jpg,roadmarch-ecopro-99_11.jpg,roadmarch-ecopro-99_11.jpg,roadmarch-ecopro-99_11.jpg,Road March,China,Black Wall,"
189.00 ",195,65,R15,82,H,Car,2022,23%Off,no,0,, FLASH 150 AED UPON CHECKOUT
https://www.pitstoparabia.com/en/ht1000-zee1200032143-32743,ZE-1200056095-2022,ZT6000 Eco ,Default,Simple,Car Tyres,SKU: ZE-1200056095-2022 ZT6000 Eco by Zeetex. Tyre Size:  195/65 R15,ZT6000 Eco ,203.49,500,1,1,1,1,4,1,Taxable Goods,https://www.pitstoparabia.com/media/catalog/product/cache/1/image/362x336/9df78eab33525d08d6e5fb8d27136e95/z/t/zt6000_eco_1_1.png,zt6000_eco_1_1.png,zt6000_eco_1_1.png,zt6000_eco_1_1.png,Zeetex,China,Black Wall,"
181.69 ",195,65,R15,91,V,Car,2022,11%Off,no,0,,
https://www.pitstoparabia.com/en/ecotrek-28302,IN-161C031956515ECOSISA-2021,Ecosis ,Default,Simple,Car Tyres,SKU: IN-161C031956515ECOSISA-2021 Ecosis by Infinity. Tyre Size:  195/65 R15,Ecosis ,210.57,500,1,1,1,1,4,1,Taxable Goods,https://www.pitstoparabia.com/media/catalog/product/cache/1/image/362x336/9df78eab33525d08d6e5fb8d27136e95/e/c/ecosis_4_1.jpg,ecosis_4_1.jpg,ecosis_4_1.jpg,ecosis_4_1.jpg,Infinity,China,Black Wall,"
178.45 ",195,65,R15,91,V,Car,2021,15%Off,no,0,Save EXTRA  100 AED  on Tyres when you fit at Select Installers,
https://www.pitstoparabia.com/en/n-blue-hd-plus-roa1200046221-31410,,,Default,Simple,,,,,500,1,1,1,1,4,1,Taxable Goods,,,,,,,,,195,65,R15,,,,,,no,0,,
https://www.pitstoparabia.com/en/thu-275-55r20-ht603-31527,WDF-23650-2022,CatchFors PCR ,Default,Simple,Car Tyres,SKU: WDF-23650-2022 CatchFors PCR by Windforce. Tyre Size:  195/65 R14,CatchFors PCR ,221.43,500,1,1,1,1,4,1,Taxable Goods,https://www.pitstoparabia.com/media/catalog/product/cache/1/image/362x336/9df78eab33525d08d6e5fb8d27136e95/c/a/catchforspcr_1_2_1_1_1_2_1_1.jpg,catchforspcr_1_2_1_1_1_2_1_1.jpg,catchforspcr_1_2_1_1_1_2_1_1.jpg,catchforspcr_1_2_1_1_1_2_1_1.jpg,Windforce,,Black Wall,"
189.26 ",195,65,R14,89,H,Car,2022,15%Off,no,0,Save EXTRA  100 AED  on Tyres when you fit at Select Installers,
https://www.pitstoparabia.com/en/primacy-3-mic-m1956016pri3-30919,M1956016PRM321,Primacy 3 ,Default,Simple,Car Tyres,SKU: M1956016PRM321 Primacy 3 by Michelin. Tyre Size:  195/60 R16,Primacy 3 ,552.30,500,1,1,1,1,4,1,Taxable Goods,https://www.pitstoparabia.com/media/catalog/product/cache/1/image/362x336/9df78eab33525d08d6e5fb8d27136e95/m/i/michelin_primacy3_44_1_2.jpeg,michelin_primacy3_44_1_2.jpeg,michelin_primacy3_44_1_2.jpeg,michelin_primacy3_44_1_2.jpeg,Michelin,Spain,Black Wall,"
425.25 ",195,60,R16,89,V,Car,2021,23%Off,no,0,Save EXTRA  100 AED  on Tyres when you fit at Select Installers,
https://www.pitstoparabia.com/en/ecopia-ep150-1-1-bs201826-32033,BR1956016E122,Ecopia EP150 ,Default,Simple,Car Tyres,SKU: BR1956016E122 Ecopia EP150 by Bridgestone. Tyre Size:  195/60 R16,Ecopia EP150 ,540.75,500,1,1,1,1,4,1,Taxable Goods,https://www.pitstoparabia.com/media/catalog/product/cache/1/image/362x336/9df78eab33525d08d6e5fb8d27136e95/b/r/bridgestone_ep150_8_1.jpeg,bridgestone_ep150_8_1.jpeg,bridgestone_ep150_8_1.jpeg,bridgestone_ep150_8_1.jpeg,Bridgestone,Thailand,Black Wall,"
415.80 ",195,60,R16,89,H,Car,2022,23%Off,no,0,Save EXTRA  100 AED  on Tyres when you fit at Select Installers,
https://www.pitstoparabia.com/en/ecopia-ep150-1-1-bs201826-27383,BR1956016EP1521,Ecopia EP150 ,Default,Simple,Car Tyres,SKU: BR1956016EP1521 Ecopia EP150 by Bridgestone. Tyre Size:  195/60 R16,Ecopia EP150 ,403.29,500,1,1,1,1,4,1,Taxable Goods,https://www.pitstoparabia.com/media/catalog/product/cache/1/image/362x336/9df78eab33525d08d6e5fb8d27136e95/b/r/bridgestone_ep150_8.jpeg,bridgestone_ep150_8.jpeg,bridgestone_ep150_8.jpeg,bridgestone_ep150_8.jpeg,Bridgestone,Thailand,Black Wall,"
356.90 ",195,60,R16,89,H,Car,2021,12%Off,no,0,Save EXTRA  100 AED  on Tyres when you fit at Select Installers,
https://www.pitstoparabia.com/en/efficientgrip-performance-8-33156,G1956016EG22,EfficientGrip Performance ,Default,Simple,Car Tyres,SKU: G1956016EG22 EfficientGrip Performance by Goodyear. Tyre Size:  195/60 R16,EfficientGrip Performance ,477.75,500,1,1,1,1,4,1,Taxable Goods,https://www.pitstoparabia.com/media/catalog/product/cache/1/image/362x336/9df78eab33525d08d6e5fb8d27136e95/g/o/goodyear_efficientgrip_performance_10_1_1.jpeg,goodyear_efficientgrip_performance_10_1_1.jpeg,goodyear_efficientgrip_performance_10_1_1.jpeg,goodyear_efficientgrip_performance_10_1_1.jpeg,Goodyear,Poland,Black Wall,"
367.50 ",195,60,R16,89,H,Car,2022,23%Off,no,0,Save EXTRA  100 AED  on Tyres when you fit at Select Installers,
https://www.pitstoparabia.com/en/sp-sport-lm704-3-33149,D1956016LM70522,SP SPORT LM705 ,Default,Simple,Car Tyres,SKU: D1956016LM70522 SP SPORT LM705 by Dunlop. Tyre Size:  195/60 R16,SP SPORT LM705 ,477.75,500,1,1,1,1,4,1,Taxable Goods,https://www.pitstoparabia.com/media/catalog/product/cache/1/image/362x336/9df78eab33525d08d6e5fb8d27136e95/s/p/sp_sport_lm705_02__6_2_3_1.png,sp_sport_lm705_02__6_2_3_1.png,sp_sport_lm705_02__6_2_3_1.png,sp_sport_lm705_02__6_2_3_1.png,Dunlop,Japan,Black Wall,"
367.50 ",195,60,R16,89,H,Car,2022,23%Off,no,0,Save EXTRA  100 AED  on Tyres when you fit at Select Installers,
https://www.pitstoparabia.com/en/bluearth-e51b-yok-1335225-45r17-es32atl-28111,Yo-195/60R16-ES32TL-2021,BluEarth-ES32 ,Default,Simple,Car Tyres,SKU: Yo-195/60R16-ES32TL-2021 BluEarth-ES32 by Yokohama. Tyre Size:  195/60 R16,BluEarth-ES32 ,410.93,500,1,1,1,1,4,1,Taxable Goods,https://www.pitstoparabia.com/media/catalog/product/cache/1/image/362x336/9df78eab33525d08d6e5fb8d27136e95/b/l/bluearth-es-es32-2_5_2_1.jpg,bluearth-es-es32-2_5_2_1.jpg,bluearth-es-es32-2_5_2_1.jpg,bluearth-es-es32-2_5_2_1.jpg,Yokohama,Japan,Black Wall,"
348.24 ",195,60,R16,89,H,Car,2021,15%Off,no,0,,
https://www.pitstoparabia.com/en/efficientgrip-performance-8-27192,GY-529005-2021,EfficientGrip Performance ,Default,Simple,Car Tyres,SKU: GY-529005-2021 EfficientGrip Performance by Goodyear. Tyre Size:  195/60 R16,EfficientGrip Performance ,389.24,500,1,1,1,1,4,1,Taxable Goods,https://www.pitstoparabia.com/media/catalog/product/cache/1/image/362x336/9df78eab33525d08d6e5fb8d27136e95/g/o/goodyear_efficientgrip_performance_10_1.jpeg,goodyear_efficientgrip_performance_10_1.jpeg,goodyear_efficientgrip_performance_10_1.jpeg,goodyear_efficientgrip_performance_10_1.jpeg,Goodyear,Poland,Black Wall,"
329.86 ",195,60,R16,89,H,Car,2021,15%Off,no,0,Save EXTRA  100 AED  on Tyres when you fit at Select Installers,
https://www.pitstoparabia.com/en/sp-sport-lm704-3-28134,DUN-2516-20-2021,SP SPORT LM705 ,Default,Simple,Car Tyres,SKU: DUN-2516-20-2021 SP SPORT LM705 by Dunlop. Tyre Size:  195/60 R16,SP SPORT LM705 ,351.27,500,1,1,1,1,4,1,Taxable Goods,https://www.pitstoparabia.com/media/catalog/product/cache/1/image/362x336/9df78eab33525d08d6e5fb8d27136e95/s/p/sp_sport_lm705_02__6_2_3.png,sp_sport_lm705_02__6_2_3.png,sp_sport_lm705_02__6_2_3.png,sp_sport_lm705_02__6_2_3.png,Dunlop,Japan,Black Wall,"
302.82 ",195,60,R16,89,H,Car,2021,14%Off,no,0,,
https://www.pitstoparabia.com/en/n-blue-hd-plus-nex-3536-32361,NE-27072-2022,N Blue HD Plus ,Default,Simple,Car Tyres,SKU: NE-27072-2022 N Blue HD Plus by Nexen. Tyre Size:  195/60 R16,N Blue HD Plus ,329.58,500,1,1,1,1,4,1,Taxable Goods,https://www.pitstoparabia.com/media/catalog/product/cache/1/image/362x336/9df78eab33525d08d6e5fb8d27136e95/h/d/hdplus_2_4_1_1.png,hdplus_2_4_1_1.png,hdplus_2_4_1_1.png,hdplus_2_4_1_1.png,Nexen,South Korea,Black Wall,"
286.60 ",195,60,R16,89,H,Car,2022,13%Off,no,0,Save EXTRA  100 AED  on Tyres when you fit at Select Installers,
https://www.pitstoparabia.com/en/optimo-h426-4-hk-171a0102554520vh426a-33285,HK-4060-2021,Optimo H426 ,Default,Simple,Car Tyres,SKU: HK-4060-2021 Optimo H426 by Hankook. Tyre Size:  195/60 R16,Optimo H426 ,359.10,500,1,1,1,1,4,1,Taxable Goods,https://www.pitstoparabia.com/media/catalog/product/cache/1/image/362x336/9df78eab33525d08d6e5fb8d27136e95/h/a/hankook_optimoh426_8_1_1.png,hankook_optimoh426_8_1_1.png,hankook_optimoh426_8_1_1.png,hankook_optimoh426_8_1_1.png,Hankook,South Korea,Black Wall,"
276.15 ",195,60,R16,89,H,Car,2021,23%Off,no,0,Save EXTRA  100 AED  on Tyres when you fit at Select Installers,
https://www.pitstoparabia.com/en/n-blue-hd-plus-nex-3536-26807,NE-NX1956016NBL221-2021,N Blue HD Plus ,Default,Simple,Car Tyres,SKU: NE-NX1956016NBL221-2021 N Blue HD Plus by Nexen. Tyre Size:  195/60 R16,N Blue HD Plus ,310.94,500,1,1,1,1,4,1,Taxable Goods,https://www.pitstoparabia.com/media/catalog/product/cache/1/image/362x336/9df78eab33525d08d6e5fb8d27136e95/h/d/hdplus_2_4_1.png,hdplus_2_4_1.png,hdplus_2_4_1.png,hdplus_2_4_1.png,Nexen,South Korea,Black Wall,"
270.38 ",195,60,R16,89,H,Car,2021,13%Off,no,0,Save EXTRA  100 AED  on Tyres when you fit at Select Installers,
https://www.pitstoparabia.com/en/tracmax1042-32276,TR-4047-2022,X Privilo TX5 ,Default,Simple,Car Tyres,SKU: TR-4047-2022 X Privilo TX5 by Tracmax. Tyre Size:  195/60 R16,X Privilo TX5 ,260.40,500,1,1,1,1,4,1,Taxable Goods,https://www.pitstoparabia.com/media/catalog/product/cache/1/image/362x336/9df78eab33525d08d6e5fb8d27136e95/t/x/tx5_2_1_2_1_2_2_1.png,tx5_2_1_2_1_2_2_1.png,tx5_2_1_2_1_2_2_1.png,tx5_2_1_2_1_2_2_1.png,Tracmax,China,Black Wall,"
199.50 ",195,60,R16,89,H,Car,2022,23%Off,no,0,Save EXTRA  100 AED  on Tyres when you fit at Select Installers,
https://www.pitstoparabia.com/en/pearly-1-25945,PR20530-2021,Max-A one ,Default,Simple,Car Tyres,SKU: PR20530-2021 Max-A one by Pearly. Tyre Size:  195/60 R16,Max-A one ,219.54,500,1,1,1,1,4,1,Taxable Goods,https://www.pitstoparabia.com/media/catalog/product/cache/1/image/362x336/9df78eab33525d08d6e5fb8d27136e95/p/e/pearly_max_a1_1_1_1_2_1_1_1_1_1_1_1_1_1_1_1_1_1.png,pearly_max_a1_1_1_1_2_1_1_1_1_1_1_1_1_1_1_1_1_1.png,pearly_max_a1_1_1_1_2_1_1_1_1_1_1_1_1_1_1_1_1_1.png,pearly_max_a1_1_1_1_2_1_1_1_1_1_1_1_1_1_1_1_1_1.png,Pearly,China,Black Wall,"
189.26 ",195,60,R16,89,H,Car,2021,14%Off,no,0,Save EXTRA  100 AED  on Tyres when you fit at Select Installers,
https://www.pitstoparabia.com/en/energy-xm2-grnx-mic814705-33061,M1956015M222,Energy XM2 ,Default,Simple,Car Tyres,SKU: M1956015M222 Energy XM2 by Michelin. Tyre Size:  195/60 R15,Energy XM2 ,594.30,500,1,1,1,1,4,1,Taxable Goods,https://www.pitstoparabia.com/media/catalog/product/cache/1/image/362x336/9df78eab33525d08d6e5fb8d27136e95/m/i/michelin_mx2_grnx_9_1_1.jpeg,michelin_mx2_grnx_9_1_1.jpeg,michelin_mx2_grnx_9_1_1.jpeg,michelin_mx2_grnx_9_1_1.jpeg,Michelin,Thailand,Black Wall,"
457.80 ",195,60,R15,88,H,Car,2022,23%Off,no,0,Save EXTRA  100 AED  on Tyres when you fit at Select Installers,
https://www.pitstoparabia.com/en/kinergy-eco-k425-2-hk-161a0101755015hk425a-2015-32635,HK-1676-2022,Kinergy Eco2 K435 ,Default,Simple,Car Tyres,SKU: HK-1676-2022 Kinergy Eco2 K435 by Hankook. Tyre Size:  195/60 R15,Kinergy Eco2 K435 ,358.05,500,1,1,1,1,4,1,Taxable Goods,https://www.pitstoparabia.com/media/catalog/product/cache/1/image/362x336/9df78eab33525d08d6e5fb8d27136e95/h/a/hankook-tires-kinergy-k435-left-01_1_3_1_1_1.png,hankook-tires-kinergy-k435-left-01_1_3_1_1_1.png,hankook-tires-kinergy-k435-left-01_1_3_1_1_1.png,hankook-tires-kinergy-k435-left-01_1_3_1_1_1.png,Hankook,South Korea,Black Wall,"
276.15 ",195,60,R15,88,H,Car,2022,23%Off,no,0,Save EXTRA  100 AED  on Tyres when you fit at Select Installers,
https://www.pitstoparabia.com/en/ziex-ze914-ecorun-39-28804,FA327400-2021,Ziex ZE914 EcoRun ,Default,Simple,Car Tyres,SKU: FA327400-2021 Ziex ZE914 EcoRun by Falken. Tyre Size:  195/60 R15,Ziex ZE914 EcoRun ,287.20,500,1,1,1,1,4,1,Taxable Goods,https://www.pitstoparabia.com/media/catalog/product/cache/1/image/362x336/9df78eab33525d08d6e5fb8d27136e95/z/e/ze914_14.jpg,ze914_14.jpg,ze914_14.jpg,ze914_14.jpg,Falken,Japan,Black Wall,"
254.15 ",195,60,R15,88,H,Car,2021,12%Off,no,0,Save EXTRA  100 AED  on Tyres when you fit at Select Installers,
https://www.pitstoparabia.com/en/n-blue-hd-plus-roa1200046221-32939,Ro-4698-2022,N Blue Eco ,Default,Simple,Car Tyres,SKU: Ro-4698-2022 N Blue Eco by Roadstone. Tyre Size:  195/60 R15,N Blue Eco ,260.31,500,1,1,1,1,4,1,Taxable Goods,https://www.pitstoparabia.com/media/catalog/product/cache/1/image/362x336/9df78eab33525d08d6e5fb8d27136e95/r/o/roadstone-n-blue-eco_1_1_1_2.png,roadstone-n-blue-eco_1_1_1_2.png,roadstone-n-blue-eco_1_1_1_2.png,roadstone-n-blue-eco_1_1_1_2.png,Roadstone,South Korea,Black Wall,"
230.36 ",195,60,R15,88,H,Car,2022,12%Off,no,0,,
https://www.pitstoparabia.com/en/n5000-plus-2-roa1200037697-27010,RO-1200037697-2021,N5000 Plus ,Default,Simple,Car Tyres,SKU: RO-1200037697-2021 N5000 Plus by Roadstone. Tyre Size:  195/60 R15,N5000 Plus ,256.64,500,1,1,1,1,4,1,Taxable Goods,https://www.pitstoparabia.com/media/catalog/product/cache/1/image/362x336/9df78eab33525d08d6e5fb8d27136e95/n/5/n5000plus_1_3_1.png,n5000plus_1_3_1.png,n5000plus_1_3_1.png,n5000plus_1_3_1.png,Roadstone,South Korea,Black Wall,"
227.12 ",195,60,R15,88,H,Car,2021,12%Off,no,0,Save EXTRA  100 AED  on Tyres when you fit at Select Installers,
https://www.pitstoparabia.com/en/riken-161z7501956015roadxa-2019-28702,Ri161Z7501956015ROADXA-2021,Road Performance ,Default,Simple,Car Tyres,SKU: Ri161Z7501956015ROADXA-2021 Road Performance by Riken. Tyre Size:  195/60 R15,Road Performance ,250.28,500,1,1,1,1,4,1,Taxable Goods,https://www.pitstoparabia.com/media/catalog/product/cache/1/image/362x336/9df78eab33525d08d6e5fb8d27136e95/r/i/riken_-_rp_-_semi_-_profile_2_2.png,riken_-_rp_-_semi_-_profile_2_2.png,riken_-_rp_-_semi_-_profile_2_2.png,riken_-_rp_-_semi_-_profile_2_2.png,Riken,Serbia,Black Wall,"
219.54 ",195,60,R15,88,H,Car,2021,12%Off,no,0,Save EXTRA  100 AED  on Tyres when you fit at Select Installers,
https://www.pitstoparabia.com/en/atl19017-31019,ATL-23555-2022,Green ,Default,Simple,Car Tyres,SKU: ATL-23555-2022 Green by Atlas. Tyre Size:  195/60 R15,Green ,255.23,500,1,1,1,1,4,1,Taxable Goods,https://www.pitstoparabia.com/media/catalog/product/cache/1/image/362x336/9df78eab33525d08d6e5fb8d27136e95/a/t/atlas-green_459x700-197x300_1_2.png,atlas-green_459x700-197x300_1_2.png,atlas-green_459x700-197x300_1_2.png,atlas-green_459x700-197x300_1_2.png,Atlas,Thailand,Black Wall,"
216.30 ",195,60,R15,88,H,Car,2022,15%Off,no,0,Save EXTRA  100 AED  on Tyres when you fit at Select Installers,
https://www.pitstoparabia.com/en/ar-9303-2021-27645,AR-9306-2021,BLU TRAC PC ,Default,Simple,Car Tyres,SKU: AR-9306-2021 BLU TRAC PC by Armstrong. Tyre Size:  195/60 R15,BLU TRAC PC ,246.58,500,1,1,1,1,4,1,Taxable Goods,https://www.pitstoparabia.com/media/catalog/product/cache/1/image/362x336/9df78eab33525d08d6e5fb8d27136e95/a/r/arm-blu-trac-pc_-30-0x700-c-default_1_1.png,arm-blu-trac-pc_-30-0x700-c-default_1_1.png,arm-blu-trac-pc_-30-0x700-c-default_1_1.png,arm-blu-trac-pc_-30-0x700-c-default_1_1.png,Armstrong,Thailand,Black Wall,"
216.30 ",195,60,R15,88,H,Car,2021,12%Off,no,0,Save EXTRA  100 AED  on Tyres when you fit at Select Installers,
https://www.pitstoparabia.com/en/cp321-1-32673,NE-27187-2022,CP321 ,Default,Simple,Commercial Tyres,SKU: NE-27187-2022 CP321 by Nexen. Tyre Size:  195/75 R16C,CP321 ,491.27,500,1,1,1,1,4,1,Taxable Goods,https://www.pitstoparabia.com/media/catalog/product/cache/1/image/362x336/9df78eab33525d08d6e5fb8d27136e95/c/p/cp321_1_1.jpg,cp321_1_1.jpg,cp321_1_1.jpg,cp321_1_1.jpg,Nexen,South Korea,Black Wall,"
427.19 ",195,75,R16C,110/108,S,Commercial,2022,13%Off,no,0,Save EXTRA  100 AED  on Tyres when you fit at Select Installers,
https://www.pitstoparabia.com/en/cp321-1-27359,NE-6082-2021,CP321 ,Default,Simple,Commercial Tyres,SKU: NE-6082-2021 CP321 by Nexen. Tyre Size:  195/75 R16C,CP321 ,540.75,500,1,1,1,1,4,1,Taxable Goods,https://www.pitstoparabia.com/media/catalog/product/cache/1/image/362x336/9df78eab33525d08d6e5fb8d27136e95/c/p/cp321_1.jpg,cp321_1.jpg,cp321_1.jpg,cp321_1.jpg,Nexen,South Korea,Black Wall,"
415.80 ",195,75,R16C,110/108,S,Commercial,2021,23%Off,no,0,,
https://www.pitstoparabia.com/en/kc2000-11-32908,OT-1200046028-2022,MK 2000 ,Default,Simple,Commercial Tyres,SKU: OT-1200046028-2022 MK 2000 by Otani. Tyre Size:  195/75 R16C,MK 2000 ,326.72,500,1,1,1,1,4,1,Taxable Goods,https://www.pitstoparabia.com/media/catalog/product/cache/1/image/362x336/9df78eab33525d08d6e5fb8d27136e95/m/k/mk2000_2.jpg,mk2000_2.jpg,mk2000_2.jpg,mk2000_2.jpg,Otani,Thailand,Black Wall,"
286.60 ",195,75,R16C,107/105,S,Commercial,2022,12%Off,no,0,,
https://www.pitstoparabia.com/en/tracmax1042-30979,TR-9926-2022,Transporter RF09 ,Default,Simple,Commercial Tyres,SKU: TR-9926-2022 Transporter RF09 by Tracmax. Tyre Size:  195/75 R16C,Transporter RF09 ,337.05,500,1,1,1,1,4,1,Taxable Goods,https://www.pitstoparabia.com/media/catalog/product/cache/1/image/362x336/9df78eab33525d08d6e5fb8d27136e95/r/f/rf09_1_2.jpg,rf09_1_2.jpg,rf09_1_2.jpg,rf09_1_2.jpg,Tracmax,China,Black Wall,"
259.35 ",195,75,R16C,107/105,R,Commercial,2022,23%Off,no,0,Save EXTRA  100 AED  on Tyres when you fit at Select Installers,
https://www.pitstoparabia.com/en/ht1000-zee1200032143-33607,ZE-1200056135-2022,CT6000 Eco ,Default,Simple,Commercial Tyres,SKU: ZE-1200056135-2022 CT6000 Eco by Zeetex. Tyre Size:  195/75 R16C,CT6000 Eco ,328.65,500,1,1,1,1,4,1,Taxable Goods,https://www.pitstoparabia.com/media/catalog/product/cache/1/image/362x336/9df78eab33525d08d6e5fb8d27136e95/c/t/ct6000_eco_1_1_2.jpg,ct6000_eco_1_1_2.jpg,ct6000_eco_1_1_2.jpg,ct6000_eco_1_1_2.jpg,Zeetex,China,Black Wall,"
235.20 ",195,75,R16C,107/105,T,Commercial,2022,28%Off,no,0,,
https://www.pitstoparabia.com/en/vanco-2-1-27867,CO-C04512160000-2021,VanContact AP ,Default,Simple,Commercial Tyres,SKU: CO-C04512160000-2021 VanContact AP by Continental. Tyre Size:  195/70 R15C,VanContact AP ,594.30,500,1,1,1,1,4,1,Taxable Goods,https://www.pitstoparabia.com/media/catalog/product/cache/1/image/362x336/9df78eab33525d08d6e5fb8d27136e95/c/o/continental_vanco-2_3_1.jpg,continental_vanco-2_3_1.jpg,continental_vanco-2_3_1.jpg,continental_vanco-2_3_1.jpg,Continental,,Black Wall,"
457.80 ",195,70,R15C,104/102,R,Commercial,2021,23%Off,no,0,Save EXTRA  100 AED  on Tyres when you fit at Select Installers,
https://www.pitstoparabia.com/en/vantra-lt-ra18-hk-151a0101957516ra18xa-29583,151A01019570158RA18A-2021,Vantra LT RA18 ,Default,Simple,Commercial Tyres,SKU: 151A01019570158RA18A-2021 Vantra LT RA18 by Hankook. Tyre Size:  195/70 R15C,Vantra LT RA18 ,441.60,500,1,1,1,1,4,1,Taxable Goods,https://www.pitstoparabia.com/media/catalog/product/cache/1/image/362x336/9df78eab33525d08d6e5fb8d27136e95/r/a/ra18_2_1_1_1_3.jpg,ra18_2_1_1_1_3.jpg,ra18_2_1_1_1_3.jpg,ra18_2_1_1_1_3.jpg,Hankook,,Black Wall,"
380.69 ",195,70,R15C,104/102,R,Commercial,2021,14%Off,no,0,Save EXTRA  100 AED  on Tyres when you fit at Select Installers,
https://www.pitstoparabia.com/en/vantra-lt-ra18-hk-151a0101957516ra18xa-23140,HK-151A01019570158RA18A,Vantra LT RA18 ,Default,Simple,Commercial Tyres,SKU: HK-151A01019570158RA18A Vantra LT RA18 by Hankook. Tyre Size:  195/70 R15C,Vantra LT RA18 ,446.62,500,1,1,1,1,4,1,Taxable Goods,https://www.pitstoparabia.com/media/catalog/product/cache/1/image/362x336/9df78eab33525d08d6e5fb8d27136e95/r/a/ra18_2_1_1_1.jpg,ra18_2_1_1_1.jpg,ra18_2_1_1_1.jpg,ra18_2_1_1_1.jpg,Hankook,,Black Wall,"
385.01 ",195,70,R15C,104/102,R,Commercial,2020,14%Off,yes,0,Save EXTRA  100 AED  on Tyres when you fit at Select Installers, 
https://www.pitstoparabia.com/en/eco-pro-a-s-30482,A1957014ECOP21,Eco Pro AS ,Default,Simple,Car Tyres,SKU: A1957014ECOP21 Eco Pro AS by Arroyo. Tyre Size:  195/70 R14,Eco Pro AS ,295.05,500,1,1,1,1,4,1,Taxable Goods,https://www.pitstoparabia.com/media/catalog/product/cache/1/image/362x336/9df78eab33525d08d6e5fb8d27136e95/e/c/eco_pro_as_17.jpg,eco_pro_as_17.jpg,eco_pro_as_17.jpg,eco_pro_as_17.jpg,Arroyo,Thailand,Black Wall,"
226.80 ",195,70,R14,91,H,Car,2021,23%Off,no,0,Save EXTRA  100 AED  on Tyres when you fit at Select Installers,
https://www.pitstoparabia.com/en/cp661-roa1200022599-33664,Ro-1200022599-2022,CP661 ,Default,Simple,SUV Tyres,SKU: Ro-1200022599-2022 CP661 by Roadstone. Tyre Size:  195/70 R14,CP661 ,249.31,500,1,1,1,1,4,1,Taxable Goods,https://www.pitstoparabia.com/media/catalog/product/cache/1/image/362x336/9df78eab33525d08d6e5fb8d27136e95/c/p/cp661_5_1_1.png,cp661_5_1_1.png,cp661_5_1_1.png,cp661_5_1_1.png,Roadstone,South Korea,Black Wall,"
220.63 ",195,70,R14,91,T,SUV,2022,12%Off,no,0,,
https://www.pitstoparabia.com/en/riken-161z7501756514roadxa-2019-33398,161Z7501957014ROADXA-2022,Road ,Default,Simple,Car Tyres,SKU: 161Z7501957014ROADXA-2022 Road by Riken. Tyre Size:  195/70 R14,Road ,249.05,500,1,1,1,1,4,1,Taxable Goods,https://www.pitstoparabia.com/media/catalog/product/cache/1/image/362x336/9df78eab33525d08d6e5fb8d27136e95/r/i/rikenroad_5_1.png,rikenroad_5_1.png,rikenroad_5_1.png,rikenroad_5_1.png,Riken,Serbia,Black Wall,"
218.46 ",195,70,R14,91,H,Car,2022,12%Off,no,0,Save EXTRA  100 AED  on Tyres when you fit at Select Installers,
https://www.pitstoparabia.com/en/npriz-rh1-nex-2251-28032,NE-21484-2021,N'Priz AH5 ,Default,Simple,Car Tyres,SKU: NE-21484-2021 N'Priz AH5 by Nexen. Tyre Size:  195/70 R14,N'Priz AH5 ,248.75,500,1,1,1,1,4,1,Taxable Goods,https://www.pitstoparabia.com/media/catalog/product/cache/1/image/362x336/9df78eab33525d08d6e5fb8d27136e95/a/h/ah5-222_7.jpg,ah5-222_7.jpg,ah5-222_7.jpg,ah5-222_7.jpg,Nexen,South Korea,Black Wall,"
216.30 ",195,70,R14,91,T,Car,2021,13%Off,no,0,Save EXTRA  100 AED  on Tyres when you fit at Select Installers,
https://www.pitstoparabia.com/en/atl19017-31756,ATL-23942-2022,CrossWind HP010 ,Default,Simple,Car Tyres,SKU: ATL-23942-2022 CrossWind HP010 by Atlas. Tyre Size:  195/70 R14,CrossWind HP010 ,248.85,500,1,1,1,1,4,1,Taxable Goods,https://www.pitstoparabia.com/media/catalog/product/cache/1/image/362x336/9df78eab33525d08d6e5fb8d27136e95/c/r/cross_wind_hp_1.jpg,cross_wind_hp_1.jpg,cross_wind_hp_1.jpg,cross_wind_hp_1.jpg,Atlas,Thailand,Black Wall,"
210.89 ",195,70,R14,91,H,Car,2022,15%Off,no,0,Save EXTRA  100 AED  on Tyres when you fit at Select Installers,
https://www.pitstoparabia.com/en/ht1000-zee1200032143-33539,ZE-1200056640-2022,ZT5000 MAX ,Default,Simple,Car Tyres,SKU: ZE-1200056640-2022 ZT5000 MAX by Zeetex. Tyre Size:  195/70 R14,ZT5000 MAX ,288.75,500,1,1,1,1,4,1,Taxable Goods,https://www.pitstoparabia.com/media/catalog/product/cache/1/image/362x336/9df78eab33525d08d6e5fb8d27136e95/z/t/zt5000-max_4.png,zt5000-max_4.png,zt5000-max_4.png,zt5000-max_4.png,Zeetex,Thailand,Black Wall,"
205.80 ",195,70,R14,95,H,Car,2022,29%Off,no,0,,
https://www.pitstoparabia.com/en/riken-161z7501756514roadxa-2019-26372,161Z7501957014ROADXA-2020,Road ,Default,Simple,Car Tyres,SKU: 161Z7501957014ROADXA-2020 Road by Riken. Tyre Size:  195/70 R14,Road ,264.66,500,1,1,1,1,4,1,Taxable Goods,https://www.pitstoparabia.com/media/catalog/product/cache/1/image/362x336/9df78eab33525d08d6e5fb8d27136e95/r/i/rikenroad_5.png,rikenroad_5.png,rikenroad_5.png,rikenroad_5.png,Riken,Serbia,Black Wall,"
232.17 ",195,70,R14,91,H,Car,2020,12%Off,yes,0,Save EXTRA  100 AED  on Tyres when you fit at Select Installers, 
https://www.pitstoparabia.com/en/efficientgrip-performance-9-31390,GYH-16592-2021,EfficientGrip Performance ,Default,Simple,Car Tyres,SKU: GYH-16592-2021 EfficientGrip Performance by Goodyear. Tyre Size:  195/65 R15,EfficientGrip Performance ,912.46,500,1,1,1,1,4,1,Taxable Goods,https://www.pitstoparabia.com/media/catalog/product/cache/1/image/362x336/9df78eab33525d08d6e5fb8d27136e95/g/o/goodyear_efficientgrip_performance.jpeg,goodyear_efficientgrip_performance.jpeg,goodyear_efficientgrip_performance.jpeg,goodyear_efficientgrip_performance.jpeg,Goodyear,,Black Wall,"
773.27 ",195,65,R15,91,H,Car,2021,15%Off,no,0,Save EXTRA  100 AED  on Tyres when you fit at Select Installers,
https://www.pitstoparabia.com/en/energy-xm2-grnx-21-32517,M1956515M222,Energy XM2 ,Default,Simple,Car Tyres,SKU: M1956515M222 Energy XM2 by Michelin. Tyre Size:  195/65 R15,Energy XM2 ,580.65,500,1,1,1,1,4,1,Taxable Goods,https://www.pitstoparabia.com/media/catalog/product/cache/1/image/362x336/9df78eab33525d08d6e5fb8d27136e95/m/i/michelin_mx2_grnx_12_1.jpeg,michelin_mx2_grnx_12_1.jpeg,michelin_mx2_grnx_12_1.jpeg,michelin_mx2_grnx_12_1.jpeg,Michelin,Thailand,Black Wall,"
446.25 ",195,65,R15,91,V,Car,2022,23%Off,no,0,Save EXTRA  100 AED  on Tyres when you fit at Select Installers,
https://www.pitstoparabia.com/en/primacy-suv-mic777386-29195,M1956515PR,Primacy 4 ,Default,Simple,Car Tyres,SKU: M1956515PR Primacy 4 by Michelin. Tyre Size:  195/65 R15,Primacy 4 ,456.75,500,1,1,1,1,4,1,Taxable Goods,https://www.pitstoparabia.com/media/catalog/product/cache/1/image/362x336/9df78eab33525d08d6e5fb8d27136e95/m/i/michelin-primacy-4-215-60r17-96v_s1_20180418045256793_1_1_5_1_1.jpg,michelin-primacy-4-215-60r17-96v_s1_20180418045256793_1_1_5_1_1.jpg,michelin-primacy-4-215-60r17-96v_s1_20180418045256793_1_1_5_1_1.jpg,michelin-primacy-4-215-60r17-96v_s1_20180418045256793_1_1_5_1_1.jpg,Michelin,Italy,Black Wall,"
351.75 ",195,65,R15,91,H,Car,2021,23%Off,no,0,,
https://www.pitstoparabia.com/en/ecopia-ep150-28-32125,BR-1119-2022,Ecopia EP150 ,Default,Simple,Car Tyres,SKU: BR-1119-2022 Ecopia EP150 by Bridgestone. Tyre Size:  195/65 R15,Ecopia EP150 ,449.40,500,1,1,1,1,4,1,Taxable Goods,https://www.pitstoparabia.com/media/catalog/product/cache/1/image/362x336/9df78eab33525d08d6e5fb8d27136e95/b/r/bridgestone_ep150_1_2_1_1_1_4_3.jpeg,bridgestone_ep150_1_2_1_1_1_4_3.jpeg,bridgestone_ep150_1_2_1_1_1_4_3.jpeg,bridgestone_ep150_1_2_1_1_1_4_3.jpeg,Bridgestone,Japan,Black Wall,"
345.45 ",195,65,R15,91,H,Car,2022,23%Off,no,0,Save EXTRA  100 AED  on Tyres when you fit at Select Installers, FLASH 150 AED UPON CHECKOUT
https://www.pitstoparabia.com/en/efficientgrip-performance-9-33463,G1956515EG22,EfficientGrip Performance 2 ,Default,Simple,Car Tyres,SKU: G1956515EG22 EfficientGrip Performance 2 by Goodyear. Tyre Size:  195/65 R15,EfficientGrip Performance 2 ,443.10,500,1,1,1,1,4,1,Taxable Goods,https://www.pitstoparabia.com/media/catalog/product/cache/1/image/362x336/9df78eab33525d08d6e5fb8d27136e95/g/o/goodyear-efficientgrip-performance-2_1_1.jpg,goodyear-efficientgrip-performance-2_1_1.jpg,goodyear-efficientgrip-performance-2_1_1.jpg,goodyear-efficientgrip-performance-2_1_1.jpg,Goodyear,,Black Wall,"
340.20 ",195,65,R15,91,H,Car,2022,23%Off,no,0,Save EXTRA  100 AED  on Tyres when you fit at Select Installers,
https://www.pitstoparabia.com/en/sp-sport-lm704-3-32916,DU-1746-2022,SP SPORT LM705 ,Default,Simple,Car Tyres,SKU: DU-1746-2022 SP SPORT LM705 by Dunlop. Tyre Size:  195/65 R15,SP SPORT LM705 ,443.10,500,1,1,1,1,4,1,Taxable Goods,https://www.pitstoparabia.com/media/catalog/product/cache/1/image/362x336/9df78eab33525d08d6e5fb8d27136e95/s/p/sp_sport_lm705_02__1_1_1_1_1_1.png,sp_sport_lm705_02__1_1_1_1_1_1.png,sp_sport_lm705_02__1_1_1_1_1_1.png,sp_sport_lm705_02__1_1_1_1_1_1.png,Dunlop,Japan,Black Wall,"
340.20 ",195,65,R15,91,H,Car,2022,23%Off,no,0,Save EXTRA  100 AED  on Tyres when you fit at Select Installers,
https://www.pitstoparabia.com/en/comfortcontact-cc6-con3585310000-32560,C1956515CCC22,ComfortContact CC6 ,Default,Simple,Car Tyres,SKU: C1956515CCC22 ComfortContact CC6 by Continental. Tyre Size:  195/65 R15,ComfortContact CC6 ,443.10,500,1,1,1,1,4,1,Taxable Goods,https://www.pitstoparabia.com/media/catalog/product/cache/1/image/362x336/9df78eab33525d08d6e5fb8d27136e95/c/c/cc6_1_2_1.png,cc6_1_2_1.png,cc6_1_2_1.png,cc6_1_2_1.png,Continental,Germany,Blackwall,"
340.20 ",195,65,R15,91,V,Car,2022,23%Off,no,0,Save EXTRA  100 AED  on Tyres when you fit at Select Installers,
https://www.pitstoparabia.com/en/sp-sport-lm704-3-nc,,,Default,Simple,,,,,500,1,1,1,1,4,1,Taxable Goods,,,,,,,,,195,65,R15,,,,,,no,0,,
https://www.pitstoparabia.com/en/ziex-ze914-ecorun-15-33236,FN1956515Z1422,Ziex ZE914 EcoRun ,Default,Simple,Car Tyres,SKU: FN1956515Z1422 Ziex ZE914 EcoRun by Falken. Tyre Size:  195/65 R15,Ziex ZE914 EcoRun ,379.05,500,1,1,1,1,4,1,Taxable Goods,https://www.pitstoparabia.com/media/catalog/product/cache/1/image/362x336/9df78eab33525d08d6e5fb8d27136e95/z/e/ze914_16_1.jpg,ze914_16_1.jpg,ze914_16_1.jpg,ze914_16_1.jpg,Falken,Japan,Black Wall,"
291.90 ",195,65,R15,91,H,Car,2022,23%Off,no,0,Save EXTRA  100 AED  on Tyres when you fit at Select Installers,
https://www.pitstoparabia.com/en/eco-solus-kl21-6-32641,KU-3083-2022,Ecowing ES31 ,Default,Simple,Car Tyres,SKU: KU-3083-2022 Ecowing ES31 by Kumho. Tyre Size:  195/65 R15,Ecowing ES31 ,372.75,500,1,1,1,1,4,1,Taxable Goods,https://www.pitstoparabia.com/media/catalog/product/cache/1/image/362x336/9df78eab33525d08d6e5fb8d27136e95/2/3/2388-ecowing_es31_1__2.png,2388-ecowing_es31_1__2.png,2388-ecowing_es31_1__2.png,2388-ecowing_es31_1__2.png,Kumho,South Korea,Black Wall,"
286.65 ",195,65,R15,91,H,Car,2022,23%Off,no,0,Save EXTRA  100 AED  on Tyres when you fit at Select Installers,
https://www.pitstoparabia.com/en/ecopia-ep150-28-26764,BR-BR1956515EP1521-2021,Ecopia EP150 ,Default,Simple,Car Tyres,SKU: BR-BR1956515EP1521-2021 Ecopia EP150 by Bridgestone. Tyre Size:  195/65 R15,Ecopia EP150 ,317.74,500,1,1,1,1,4,1,Taxable Goods,https://www.pitstoparabia.com/media/catalog/product/cache/1/image/362x336/9df78eab33525d08d6e5fb8d27136e95/b/r/bridgestone_ep150_1_2_1_1_1_4.jpeg,bridgestone_ep150_1_2_1_1_1_4.jpeg,bridgestone_ep150_1_2_1_1_1_4.jpeg,bridgestone_ep150_1_2_1_1_1_4.jpeg,Bridgestone,Japan,Black Wall,"
281.19 ",195,65,R15,91,H,Car,2021,12%Off,no,0,Save EXTRA  100 AED  on Tyres when you fit at Select Installers,
https://www.pitstoparabia.com/en/comfortcontact-cc6-con3585310000-30369,CO-2059-2021,ComfortContact CC6 ,Default,Simple,Car Tyres,SKU: CO-2059-2021 ComfortContact CC6 by Continental. Tyre Size:  195/65 R15,ComfortContact CC6 ,317.15,500,1,1,1,1,4,1,Taxable Goods,https://www.pitstoparabia.com/media/catalog/product/cache/1/image/362x336/9df78eab33525d08d6e5fb8d27136e95/c/c/cc6_1_2.png,cc6_1_2.png,cc6_1_2.png,cc6_1_2.png,Continental,Germany,Blackwall,"
275.78 ",195,65,R15,91,V,Car,2021,13%Off,no,0,Save EXTRA  100 AED  on Tyres when you fit at Select Installers,
https://www.pitstoparabia.com/en/cp672-nex-195-65-15-32653,NE-24467-2022,CP672 ,Default,Simple,Car Tyres,SKU: NE-24467-2022 CP672 by Nexen. Tyre Size:  195/65 R15,CP672 ,304.71,500,1,1,1,1,4,1,Taxable Goods,https://www.pitstoparabia.com/media/catalog/product/cache/1/image/362x336/9df78eab33525d08d6e5fb8d27136e95/c/p/cp672-angle_37_1_1.jpg,cp672-angle_37_1_1.jpg,cp672-angle_37_1_1.jpg,cp672-angle_37_1_1.jpg,Nexen,South Korea,Black Wall,"
264.97 ",195,65,R15,91,H,Car,2022,13%Off,no,0,Save EXTRA  100 AED  on Tyres when you fit at Select Installers, FLASH 150 AED UPON CHECKOUT
https://www.pitstoparabia.com/en/n-blue-nex-3102-32148,NE-3079-2022,N Blue Eco ,Default,Simple,Car Tyres,SKU: NE-3079-2022 N Blue Eco by Nexen. Tyre Size:  195/65 R15,N Blue Eco ,298.49,500,1,1,1,1,4,1,Taxable Goods,https://www.pitstoparabia.com/media/catalog/product/cache/1/image/362x336/9df78eab33525d08d6e5fb8d27136e95/n/_/n_blue_3_1_1_1_2_1_2_2_1.png,n_blue_3_1_1_1_2_1_2_2_1.png,n_blue_3_1_1_1_2_1_2_2_1.png,n_blue_3_1_1_1_2_1_2_2_1.png,Nexen,South Korea,Black Wall,"
259.56 ",195,65,R15,91,H,Car,2022,13%Off,no,0,Save EXTRA  100 AED  on Tyres when you fit at Select Installers, FLASH 150 AED UPON CHECKOUT
https://www.pitstoparabia.com/en/n-blue-hd-plus-nex-16326-33259,NX1956515NBLH22,N Blue HD Plus ,Default,Simple,Car Tyres,SKU: NX1956515NBLH22 N Blue HD Plus by Nexen. Tyre Size:  195/65 R15,N Blue HD Plus ,298.49,500,1,1,1,1,4,1,Taxable Goods,https://www.pitstoparabia.com/media/catalog/product/cache/1/image/362x336/9df78eab33525d08d6e5fb8d27136e95/h/d/hdplus_6_1_1_1_4_1.png,hdplus_6_1_1_1_4_1.png,hdplus_6_1_1_1_4_1.png,hdplus_6_1_1_1_4_1.png,Nexen,South Korea,Black Wall,"
259.56 ",195,65,R15,91,H,Car,2022,13%Off,no,0,Save EXTRA  100 AED  on Tyres when you fit at Select Installers, FLASH 150 AED UPON CHECKOUT
https://www.pitstoparabia.com/en/proxes-cf2-3-28644,T1956515CF221,Proxes CF2 ,Default,Simple,Car Tyres,SKU: T1956515CF221 Proxes CF2 by Toyo. Tyre Size:  195/65 R15,Proxes CF2 ,336.00,500,1,1,1,1,4,1,Taxable Goods,https://www.pitstoparabia.com/media/catalog/product/cache/1/image/362x336/9df78eab33525d08d6e5fb8d27136e95/c/f/cf2_16_1.jpg,cf2_16_1.jpg,cf2_16_1.jpg,cf2_16_1.jpg,Toyo,Japan,Black Wall,"
258.30 ",195,65,R15,91,H,Car,2021,23%Off,no,0,,
https://www.pitstoparabia.com/en/advantage-t-a-suv-bfg-079998-31064,195-65R15-BF1-ADTA-2021,Advantage T/A Drive ,Default,Simple,Car Tyres,SKU: 195-65R15-BF1-ADTA-2021 Advantage T/A Drive by BFGoodrich. Tyre Size:  195/65 R15,Advantage T/A Drive ,321.30,500,1,1,1,1,4,1,Taxable Goods,https://www.pitstoparabia.com/media/catalog/product/cache/1/image/362x336/9df78eab33525d08d6e5fb8d27136e95/b/f/bfgadvantage_l_2_1_2_1.jpg,bfgadvantage_l_2_1_2_1.jpg,bfgadvantage_l_2_1_2_1.jpg,bfgadvantage_l_2_1_2_1.jpg,BFGoodrich,Thailand,Black Wall,"
247.80 ",195,65,R15,91,H,Car,2021,23%Off,no,0,,
https://www.pitstoparabia.com/en/hp1000-zee1200040376-32821,ZE-1200040376-2022,ZT3000 ,Default,Simple,Car Tyres,SKU: ZE-1200040376-2022 ZT3000 by Zeetex. Tyre Size:  195/60 R15,ZT3000 ,241.05,500,1,1,1,1,4,1,Taxable Goods,https://www.pitstoparabia.com/media/catalog/product/cache/1/image/362x336/9df78eab33525d08d6e5fb8d27136e95/c/r/cropped_zt-3000_f_1_4_1_1.jpg,cropped_zt-3000_f_1_4_1_1.jpg,cropped_zt-3000_f_1_4_1_1.jpg,cropped_zt-3000_f_1_4_1_1.jpg,Zeetex,Indonesia,Black Wall,"
215.22 ",195,60,R15,88,H,Car,2022,11%Off,no,0,,
https://www.pitstoparabia.com/en/nt830-7-nit-1200037016-30825,1200049738-2021,NT830 Plus ,Default,Simple,Car Tyres,SKU: 1200049738-2021 NT830 Plus by Nitto. Tyre Size:  195/60 R15,NT830 Plus ,237.09,500,1,1,1,1,4,1,Taxable Goods,https://www.pitstoparabia.com/media/catalog/product/cache/1/image/362x336/9df78eab33525d08d6e5fb8d27136e95/n/i/nitto_nt830_5_1_3_2_1_1_1_1_1_1_2_1_1_1_1_1_1_1_1.jpg,nitto_nt830_5_1_3_2_1_1_1_1_1_1_2_1_1_1_1_1_1_1_1.jpg,nitto_nt830_5_1_3_2_1_1_1_1_1_1_2_1_1_1_1_1_1_1_1.jpg,nitto_nt830_5_1_3_2_1_1_1_1_1_1_2_1_1_1_1_1_1_1_1.jpg,Nitto,Japan,Black Wall,"
209.81 ",195,60,R15,88,H,Car,2021,12%Off,no,0,,
https://www.pitstoparabia.com/en/ek1000-7-32858,OT-1200041309-2022,EK1000 ,Default,Simple,Car Tyres,SKU: OT-1200041309-2022 EK1000 by Otani. Tyre Size:  195/60 R15,EK1000 ,236.72,500,1,1,1,1,4,1,Taxable Goods,https://www.pitstoparabia.com/media/catalog/product/cache/1/image/362x336/9df78eab33525d08d6e5fb8d27136e95/e/k/ek1000_12_1.jpg,ek1000_12_1.jpg,ek1000_12_1.jpg,ek1000_12_1.jpg,Otani,Thailand,Black Wall,"
207.65 ",195,60,R15,88,V,Car,2022,12%Off,no,0,,
https://www.pitstoparabia.com/en/ht1000-zee1200032143-32774,ZE-1200056637-2022,ZT5000 MAX ,Default,Simple,Car Tyres,SKU: ZE-1200056637-2022 ZT5000 MAX by Zeetex. Tyre Size:  195/60 R15,ZT5000 MAX ,232.56,500,1,1,1,1,4,1,Taxable Goods,https://www.pitstoparabia.com/media/catalog/product/cache/1/image/362x336/9df78eab33525d08d6e5fb8d27136e95/z/t/zt5000-max_1_1_1_1_1.png,zt5000-max_1_1_1_1_1.png,zt5000-max_1_1_1_1_1.png,zt5000-max_1_1_1_1_1.png,Zeetex,Thailand,Black Wall,"
207.65 ",195,60,R15,88,H,Car,2022,11%Off,no,0,,
https://www.pitstoparabia.com/en/thu-275-55r20-ht603-31871,FOR-1956015-2022,Perfectus FSR602 ,Default,Simple,Car Tyres,SKU: FOR-1956015-2022 Perfectus FSR602 by Fortune. Tyre Size:  195/60 R15,Perfectus FSR602 ,267.75,500,1,1,1,1,4,1,Taxable Goods,https://www.pitstoparabia.com/media/catalog/product/cache/1/image/362x336/9df78eab33525d08d6e5fb8d27136e95/f/o/fortune_perfectus_fsr602_3_1_1_1_1.jpeg,fortune_perfectus_fsr602_3_1_1_1_1.jpeg,fortune_perfectus_fsr602_3_1_1_1_1.jpeg,fortune_perfectus_fsr602_3_1_1_1_1.jpeg,Fortune,Thailand,Black Wall,"
205.80 ",195,60,R15,88,H,Car,2022,23%Off,no,0,,
https://www.pitstoparabia.com/en/tracmax1042-32275,TR-1569-2022,X Privilo TX5 ,Default,Simple,Car Tyres,SKU: TR-1569-2022 X Privilo TX5 by Tracmax. Tyre Size:  195/60 R15,X Privilo TX5 ,245.70,500,1,1,1,1,4,1,Taxable Goods,https://www.pitstoparabia.com/media/catalog/product/cache/1/image/362x336/9df78eab33525d08d6e5fb8d27136e95/t/x/tx5_1_1_1_1_1_1_2_1_2_1.png,tx5_1_1_1_1_1_1_2_1_2_1.png,tx5_1_1_1_1_1_1_2_1_2_1.png,tx5_1_1_1_1_1_1_2_1_2_1.png,Tracmax,China,Black Wall,"
189.00 ",195,60,R15,88,H,Car,2022,23%Off,no,0,Save EXTRA  100 AED  on Tyres when you fit at Select Installers,
https://www.pitstoparabia.com/en/ht1000-zee1200032143-33549,ZE-1200056094-2022,ZT6000 Eco ,Default,Simple,Car Tyres,SKU: ZE-1200056094-2022 ZT6000 Eco by Zeetex. Tyre Size:  195/60 R15,ZT6000 Eco ,255.15,500,1,1,1,1,4,1,Taxable Goods,https://www.pitstoparabia.com/media/catalog/product/cache/1/image/362x336/9df78eab33525d08d6e5fb8d27136e95/z/t/zt6000_eco_3_1_1_1_1_1.png,zt6000_eco_3_1_1_1_1_1.png,zt6000_eco_3_1_1_1_1_1.png,zt6000_eco_3_1_1_1_1_1.png,Zeetex,China,Black Wall,"
182.70 ",195,60,R15,88,H,Car,2022,28%Off,no,0,,
https://www.pitstoparabia.com/en/pearly-1-32391,PR-23785-2022,Max-A one ,Default,Simple,Car Tyres,SKU: PR-23785-2022 Max-A one by Pearly. Tyre Size:  195/60 R15,Max-A one ,207.00,500,1,1,1,1,4,1,Taxable Goods,https://www.pitstoparabia.com/media/catalog/product/cache/1/image/362x336/9df78eab33525d08d6e5fb8d27136e95/p/e/pearly_max_a1_1_1_1_2_1_1_1_2.png,pearly_max_a1_1_1_1_2_1_1_1_2.png,pearly_max_a1_1_1_1_2_1_1_1_2.png,pearly_max_a1_1_1_1_2_1_1_1_2.png,Pearly,China,Black Wall,"
178.45 ",195,60,R15,88,V,Car,2022,14%Off,no,0,Save EXTRA  100 AED  on Tyres when you fit at Select Installers,
https://www.pitstoparabia.com/en/ek1000-7-26527,OT-1200041309-2021,EK1000 ,Default,Simple,Car Tyres,SKU: OT-1200041309-2021 EK1000 by Otani. Tyre Size:  195/60 R15,EK1000 ,197.26,500,1,1,1,1,4,1,Taxable Goods,https://www.pitstoparabia.com/media/catalog/product/cache/1/image/362x336/9df78eab33525d08d6e5fb8d27136e95/e/k/ek1000_12.jpg,ek1000_12.jpg,ek1000_12.jpg,ek1000_12.jpg,Otani,Thailand,Black Wall,"
173.04 ",195,60,R15,88,V,Car,2021,12%Off,no,0,,
https://www.pitstoparabia.com/en/pearly-1-25935,PR20508-2021,Max-A one ,Default,Simple,Car Tyres,SKU: PR20508-2021 Max-A one by Pearly. Tyre Size:  195/60 R15,Max-A one ,194.45,500,1,1,1,1,4,1,Taxable Goods,https://www.pitstoparabia.com/media/catalog/product/cache/1/image/362x336/9df78eab33525d08d6e5fb8d27136e95/p/e/pearly_max_a1_1_1_1_2_1_1_1.png,pearly_max_a1_1_1_1_2_1_1_1.png,pearly_max_a1_1_1_1_2_1_1_1.png,pearly_max_a1_1_1_1_2_1_1_1.png,Pearly,China,Black Wall,"
167.63 ",195,60,R15,88,V,Car,2021,14%Off,no,0,Save EXTRA  100 AED  on Tyres when you fit at Select Installers,
https://www.pitstoparabia.com/en/cinturato-p1-21-32070,PI-1200032940-2022,Cinturato P1 ,Default,Simple,Car Tyres,SKU: PI-1200032940-2022 Cinturato P1 by Pirelli. Tyre Size:  195/55 R16,Cinturato P1 ,782.90,500,1,1,1,1,4,1,Taxable Goods,https://www.pitstoparabia.com/media/catalog/product/cache/1/image/362x336/9df78eab33525d08d6e5fb8d27136e95/p/i/pirelli_cinturatop1_1_3.jpeg,pirelli_cinturatop1_1_3.jpeg,pirelli_cinturatop1_1_3.jpeg,pirelli_cinturatop1_1_3.jpeg,Pirelli,,Black Wall,"
686.75 ",195,55,R16,87,W,Car,2022,12%Off,no,1,Save EXTRA  100 AED  on Tyres when you fit at Select Installers,
https://www.pitstoparabia.com/en/comfortcontact-cc6-con3586400000-30711,C03586400000A-2021,UltraContact UC6 ,Default,Simple,Car Tyres,SKU: C03586400000A-2021 UltraContact UC6 by Continental. Tyre Size:  195/55 R16,UltraContact UC6 ,521.85,500,1,1,1,1,4,1,Taxable Goods,https://www.pitstoparabia.com/media/catalog/product/cache/1/image/362x336/9df78eab33525d08d6e5fb8d27136e95/u/c/uc6_4_1_1.png,uc6_4_1_1.png,uc6_4_1_1.png,uc6_4_1_1.png,Continental,,Blackwall,"
401.10 ",195,55,R16,87,H,Car,2021,23%Off,no,0,Save EXTRA  100 AED  on Tyres when you fit at Select Installers,
