width,height,rimsize,tire url
275,30,19,https://www.pitstoparabia.com/en/ra610-31473
275,30,19,https://www.pitstoparabia.com/en/tracmax1042-31672
275,30,19,https://www.pitstoparabia.com/en/thu-275-55r20-ht603-32404
275,30,19,https://www.pitstoparabia.com/en/atl19017-30987
275,30,19,https://www.pitstoparabia.com/en/atl19017-27295
275,30,19,https://www.pitstoparabia.com/en/ecsta-ps71-kum-225-40-18-29767
275,30,19,https://www.pitstoparabia.com/en/nfera-su1-2-nex-3226-32166
275,30,19,https://www.pitstoparabia.com/en/max050-dun30102-znq-27709
275,30,19,https://www.pitstoparabia.com/en/advan-sport-v105s-yok-1335245-35zr20-v105stl-28362
275,30,19,https://www.pitstoparabia.com/en/contisportcontact-6p-con03541290000-25736
275,30,19,https://www.pitstoparabia.com/en/p-zero-288-29049
275,30,19,https://www.pitstoparabia.com/en/potenza-re050a-19-33118
275,30,19,https://www.pitstoparabia.com/en/eagle-f1-asymmetric-xl-3-28316
275,30,19,https://www.pitstoparabia.com/en/p-zero-nero-gt-3-30238
275,30,20,https://www.pitstoparabia.com/en/pearly-1-26346
275,30,20,https://www.pitstoparabia.com/en/tracmax1042-32930
275,30,20,https://www.pitstoparabia.com/en/atl19017-33307
275,30,20,https://www.pitstoparabia.com/en/n-fera-su1-nex-3576-26936
275,30,20,https://www.pitstoparabia.com/en/ecsta-ps71-kum-2206653
275,30,20,https://www.pitstoparabia.com/en/ecsta-ps71-kum-2206653-31993
275,30,20,https://www.pitstoparabia.com/en/sp-sport-maxx-tt-35-dun30101-29774
275,30,20,https://www.pitstoparabia.com/en/sp-sport-maxx-tt-35-dun30101-33231
275,30,20,https://www.pitstoparabia.com/en/potenza-re050a-22-br-275-30r2097y-znq-27695
275,30,20,https://www.pitstoparabia.com/en/advan-sport-v105s-4-31613
275,30,20,https://www.pitstoparabia.com/en/p-zero-272-pir1200039381-znq-28234
275,30,20,https://www.pitstoparabia.com/en/potenza-re050a-19-33449
275,30,20,https://www.pitstoparabia.com/en/eagle-f1-asymmetric-3-gy-g2753020-28325
275,30,20,https://www.pitstoparabia.com/en/pilot-sport-4s-mic130568-33099
275,30,20,https://www.pitstoparabia.com/en/contisportcontact-6-30903
275,30,20,https://www.pitstoparabia.com/en/potenza-re050a-22-br-275-30r2097y-znq-32492
275,30,20,https://www.pitstoparabia.com/en/p-zero-272-pir1200039381-znq-32968
275,30,20,https://www.pitstoparabia.com/en/eagle-f1-asymmetric-3-gy-g2753020-32336
275,30,20,https://www.pitstoparabia.com/en/contisportcontact-6-30900
275,30,21,https://www.pitstoparabia.com/en/ra610-31481
275,30,21,https://www.pitstoparabia.com/en/thu-275-55r20-ht603-31823
275,30,21,https://www.pitstoparabia.com/en/tracmax1042-31304
275,30,21,https://www.pitstoparabia.com/en/solus-kh15-10-kum-2167223-32178
275,30,21,https://www.pitstoparabia.com/en/p-zero-323-pir-2700-27940
275,30,21,https://www.pitstoparabia.com/en/contisportcontact-5p-ro1-contisilent-con03564750000-27570
275,30,21,https://www.pitstoparabia.com/en/contisportcontact-5p-ro1-contisilent-con03564750000-30477
275,30,21,https://www.pitstoparabia.com/en/pilot-sport-4s-mic856217-29220
275,30,21,https://www.pitstoparabia.com/en/p-zero-325-pir1200039354-29127
275,30,21,https://www.pitstoparabia.com/en/p-zero-216-29128
275,30,21,https://www.pitstoparabia.com/en/p-zero-325-pir1200039354-33318
275,30,24,https://www.pitstoparabia.com/en/atl19017-31494
275,35,18,https://www.pitstoparabia.com/en/hp1000-zee1200032139-33600
275,35,18,https://www.pitstoparabia.com/en/nfera-su1-nexen-nex-2401-32375
275,35,18,https://www.pitstoparabia.com/en/pilot-sport-4-mic-m2753518ps38-27406
275,35,18,https://www.pitstoparabia.com/en/pilot-sport-4-mic-m2753518ps38-33090
275,35,18,https://www.pitstoparabia.com/en/p-zero-252-29641
275,35,18,https://www.pitstoparabia.com/en/contisportcontact-3-mo-9-29901
275,35,19,https://www.pitstoparabia.com/en/pearly-1-31367
275,35,19,https://www.pitstoparabia.com/en/pallking-1-29698
275,35,19,https://www.pitstoparabia.com/en/atl19017-31752
275,35,19,https://www.pitstoparabia.com/en/thu-275-55r20-ht603-31923
275,35,19,https://www.pitstoparabia.com/en/nfera-ru1-roa1200039862-28609
275,35,19,https://www.pitstoparabia.com/en/azenis-fk453-1-29384
275,35,19,https://www.pitstoparabia.com/en/max050-63-28917
275,35,19,https://www.pitstoparabia.com/en/max050-63-33461
275,35,19,https://www.pitstoparabia.com/en/turanza-t005-br-br2454520t005-28165
275,35,19,https://www.pitstoparabia.com/en/potenza-re050a-tl-7-29035
275,35,19,https://www.pitstoparabia.com/en/advan-sport-v105s-13-32835
275,35,19,https://www.pitstoparabia.com/en/eagle-f1-asymmetric-3-gy-g2753020-29168
275,35,19,https://www.pitstoparabia.com/en/pilot-super-sport-19-27210
275,35,19,https://www.pitstoparabia.com/en/p-zero-272-pir1200044266-znq-29657
275,35,19,https://www.pitstoparabia.com/en/cinturato-p7-pir1200039488-27134
275,35,19,https://www.pitstoparabia.com/en/p-zero-243-27984
275,35,19,https://www.pitstoparabia.com/en/turanza-t005-br-br2454520t005-32422
275,35,19,https://www.pitstoparabia.com/en/pilot-sport-4-mic919990-33060
275,35,19,https://www.pitstoparabia.com/en/p-zero-244-33346
275,35,19,https://www.pitstoparabia.com/en/pilot-super-sport-19-33493
275,35,19,https://www.pitstoparabia.com/en/cinturato-p7-pir1200039488-32953
275,35,20,https://www.pitstoparabia.com/en/tracmax1042-31665
275,35,20,https://www.pitstoparabia.com/en/roadmarch-5074-31984
275,35,20,https://www.pitstoparabia.com/en/matrac-fx-mu11-10-mr-245-40zr19-mu12-30078
275,35,20,https://www.pitstoparabia.com/en/nfera-su1-nexen-2331-32386
275,35,20,https://www.pitstoparabia.com/en/azenis-fk453-1-29385
275,35,20,https://www.pitstoparabia.com/en/sp-sport-maxx-050-dun35306-znq-28915
275,35,20,https://www.pitstoparabia.com/en/sp-sport-maxx-tt-25-dun35113znq-29852
275,35,20,https://www.pitstoparabia.com/en/sp-sport-maxx-050-dun35306-znq-33221
275,35,20,https://www.pitstoparabia.com/en/contisportcontact-2-con03567990000-29902
275,35,20,https://www.pitstoparabia.com/en/potenza-s001-br-br2454020s001-27397
275,35,20,https://www.pitstoparabia.com/en/pilot-sport-4s-mic276849-27407
275,35,20,https://www.pitstoparabia.com/en/p-zero-266-27113
275,35,20,https://www.pitstoparabia.com/en/pzero-pz4-pir-275-35-r20-102y-27978
275,35,20,https://www.pitstoparabia.com/en/eagle-f1-asymmetric-2-xl-31-1-27596
275,35,20,https://www.pitstoparabia.com/en/pzero-pz4-pir-275-35-r20-102y-28235
275,35,20,https://www.pitstoparabia.com/en/pilot-sport-4-mic-275-35-20-znq-26852
275,35,20,https://www.pitstoparabia.com/en/excellence-xl-3-30857
275,35,20,https://www.pitstoparabia.com/en/contisportcontact-5p-70-27883
275,35,20,https://www.pitstoparabia.com/en/contisportcontact-5p-mo-con3585780000-30735
275,35,20,https://www.pitstoparabia.com/en/p-zero-266-32315
275,35,20,https://www.pitstoparabia.com/en/pilot-super-sport-mic457181-33092
275,35,20,https://www.pitstoparabia.com/en/pilot-sport-4-mic-275-35-20-znq-33075
275,35,20,https://www.pitstoparabia.com/en/pzero-pz4-13-27830
275,35,20,https://www.pitstoparabia.com/en/potenza-s001-br-br2454020s001-32421
275,35,20,https://www.pitstoparabia.com/en/advan-sport-v105d-1-32836
275,35,20,https://www.pitstoparabia.com/en/pzero-pz4-pir-275-35-r20-102y-32954
275,35,20,https://www.pitstoparabia.com/en/eagle-f1-asymmetric-2-xl-31-1-32337
275,35,20,https://www.pitstoparabia.com/en/pzero-pz4-13-33335
275,35,21,https://www.pitstoparabia.com/en/atl19017-30985
275,35,21,https://www.pitstoparabia.com/en/rx-615-31812
275,35,21,https://www.pitstoparabia.com/en/iota-st68-39-31326
275,35,21,https://www.pitstoparabia.com/en/nt421q-nit-1200039991-nc-33689
275,35,21,https://www.pitstoparabia.com/en/potenza-s001-bs202147-30420
275,35,21,https://www.pitstoparabia.com/en/potenza-s001-bs202147-28471
275,35,21,https://www.pitstoparabia.com/en/p-zero-291-27850
275,35,21,https://www.pitstoparabia.com/en/p-zero-281-pir-275-35-21-33347
275,35,21,https://www.pitstoparabia.com/en/p-zero-291-nc
275,35,21,https://www.pitstoparabia.com/en/contisportcontact-5p-ao-33458
275,35,21,https://www.pitstoparabia.com/en/contisportcontact-5p-ao-30905
275,35,21,https://www.pitstoparabia.com/en/p-zero-281-pir-275-35-21-33349
275,35,21,https://www.pitstoparabia.com/en/dueler-h-l-alenza-3-bs-2364-br2954020-29830
275,35,21,https://www.pitstoparabia.com/en/p-zero-281-pir-275-35-21-33348
275,35,22,https://www.pitstoparabia.com/en/p-zero-272-pir-1448-28653
275,40,18,https://www.pitstoparabia.com/en/pearly-1-28930
275,40,18,https://www.pitstoparabia.com/en/pearly-1-32698
275,40,18,https://www.pitstoparabia.com/en/atl19017-30993
275,40,18,https://www.pitstoparabia.com/en/nfera-su1-10-28005
275,40,18,https://www.pitstoparabia.com/en/pilot-super-sport-k1-mic884133-29432
275,40,18,https://www.pitstoparabia.com/en/potenza-re050a-br-br2754018050rft-32100
275,40,18,https://www.pitstoparabia.com/en/cinturato-p7-52-pir1200032938-28395
275,40,18,https://www.pitstoparabia.com/en/contisportcontact-3-e-ssr-con03502840000-2019-28418
275,40,18,https://www.pitstoparabia.com/en/primacy-3-zp-1-mic432853-26857
275,40,18,https://www.pitstoparabia.com/en/cinturato-p7-52-pir1200032938-32416
275,40,18,https://www.pitstoparabia.com/en/primacy-3-zp-1-mic432853-33093
275,40,19,https://www.pitstoparabia.com/en/pearly-1-28048
275,40,19,https://www.pitstoparabia.com/en/tracmax1042-32928
275,40,19,https://www.pitstoparabia.com/en/bw668-be-1200054592-2022-33715
275,40,19,https://www.pitstoparabia.com/en/kc2000-22-27067
275,40,19,https://www.pitstoparabia.com/en/roadmarch-5080-31980
275,40,19,https://www.pitstoparabia.com/en/thu-275-55r20-ht603-31924
275,40,19,https://www.pitstoparabia.com/en/kc2000-22-32886
275,40,19,https://www.pitstoparabia.com/en/atl19017-31495
275,40,19,https://www.pitstoparabia.com/en/nfera-ru1-roa1200039862-33657
275,40,19,https://www.pitstoparabia.com/en/max050-dun40304-2019-28739
275,40,19,https://www.pitstoparabia.com/en/ventus-s1-evo2-k117a-hk-171a01h2754019tk117a
275,40,19,https://www.pitstoparabia.com/en/max050-dun40304-2019-33145
275,40,19,https://www.pitstoparabia.com/en/advan-sport-v105s-16-33369
275,40,19,https://www.pitstoparabia.com/en/advan-sport-v105s-16-32838
275,40,19,https://www.pitstoparabia.com/en/ventus-s1-evo2-k117a-hk-171a01h2754019tk117a-30396
275,40,19,https://www.pitstoparabia.com/en/efficientgrip-mo-4-27597
275,40,19,https://www.pitstoparabia.com/en/pilot-sport-3-mo-grnx-mic990833-29086
275,40,19,https://www.pitstoparabia.com/en/p-zero-pir-4382-27941
275,40,19,https://www.pitstoparabia.com/en/comfortcontact-cc6-con3585990000-27582
275,40,19,https://www.pitstoparabia.com/en/p-zero-325-pir1200039356-28240
275,40,19,https://www.pitstoparabia.com/en/primacy-3-zp-1-mic419781-27907
275,40,19,https://www.pitstoparabia.com/en/pilot-sport-3-grnx-30-33190
275,40,19,https://www.pitstoparabia.com/en/p-zero-306-29801
275,40,19,https://www.pitstoparabia.com/en/pilot-sport-3-mo-grnx-mic990833-33494
275,40,19,https://www.pitstoparabia.com/en/potenza-s001-br-br2754019s001-33450
275,40,19,https://www.pitstoparabia.com/en/p-zero-293-32612
275,40,19,https://www.pitstoparabia.com/en/efficientgrip-mo-4-32333
275,40,19,https://www.pitstoparabia.com/en/primacy-3-zp-1-mic419781-32734
275,40,20,https://www.pitstoparabia.com/en/ht1000-zee1200032143-33609
275,40,20,https://www.pitstoparabia.com/en/bw668-be-1200054592-2022-33704
275,40,20,https://www.pitstoparabia.com/en/tracmax1042-31682
275,40,20,https://www.pitstoparabia.com/en/pearly-1-31556
275,40,20,https://www.pitstoparabia.com/en/roadmarch-5074-31981
275,40,20,https://www.pitstoparabia.com/en/kc2000-11-32887
275,40,20,https://www.pitstoparabia.com/en/ht1000-zee1200032143-33575
275,40,20,https://www.pitstoparabia.com/en/su1000-zee1200045691-32795
275,40,20,https://www.pitstoparabia.com/en/nfera-ru5-roa1200031499-26498
275,40,20,https://www.pitstoparabia.com/en/thu-275-55r20-ht603-32251
275,40,20,https://www.pitstoparabia.com/en/atl19017-31345
275,40,20,https://www.pitstoparabia.com/en/riken-161z7502057015701xxa-2019-28719
275,40,20,https://www.pitstoparabia.com/en/ar-9303-2021-27625
275,40,20,https://www.pitstoparabia.com/en/nfera-ru5-roa1200031499-32943
275,40,20,https://www.pitstoparabia.com/en/nfera-su1-2-2-27998
275,40,20,https://www.pitstoparabia.com/en/nfera-ru5-nex-275-40r20-106y-32685
275,40,20,https://www.pitstoparabia.com/en/eco-solus-kl21-34-3-kum-2155513-32179
275,40,20,https://www.pitstoparabia.com/en/sp-sport-maxx-gt-xl-dun40300-znq-29281
275,40,20,https://www.pitstoparabia.com/en/p-zero-296-29132
275,40,20,https://www.pitstoparabia.com/en/sp-sport-maxx-gt-xl-dun40300-znq-33222
275,40,20,https://www.pitstoparabia.com/en/potenza-re050a-19-28183
275,40,20,https://www.pitstoparabia.com/en/ventus-v12-evo2-k120-1-hk-171a0102254517yk120a-29631
275,40,20,https://www.pitstoparabia.com/en/alenza-001-br-br2654520al001-27390
275,40,20,https://www.pitstoparabia.com/en/dueler-h-p-sport-as-xl-11
275,40,20,https://www.pitstoparabia.com/en/pilot-sport-4-1-mic192246-27408
275,40,20,https://www.pitstoparabia.com/en/p-zero-272-pir1200044259-znq-27499
275,40,20,https://www.pitstoparabia.com/en/p-zero-296-32985
275,40,20,https://www.pitstoparabia.com/en/contisportcontact-5-suv-ssr-29903
275,40,20,https://www.pitstoparabia.com/en/dueler-h-p-sport-as-xl-11-28649
275,40,20,https://www.pitstoparabia.com/en/4x4-sportcontact-con03546580000-28981
275,40,20,https://www.pitstoparabia.com/en/latitude-sport-3-n0-mic-m2754020latsp39-27659
275,40,20,https://www.pitstoparabia.com/en/pilot-sport-4-mic795291-2017-27201
275,40,20,https://www.pitstoparabia.com/en/4x4-sportcontact-con03546580000-29335
275,40,20,https://www.pitstoparabia.com/en/pilot-sport-4-1-mic192246-32522
275,40,20,https://www.pitstoparabia.com/en/crosscontact-uhp-e-29904
275,40,20,https://www.pitstoparabia.com/en/4x4-sportcontact-con03546580000-32535
275,40,20,https://www.pitstoparabia.com/en/dueler-h-p-sport-as-xl-11-33168
275,40,20,https://www.pitstoparabia.com/en/dueler-h-p-sport-as-xl-11-32490
275,40,20,https://www.pitstoparabia.com/en/latitude-sport-3-zp-grnx-1-mic488915-30516
275,40,20,https://www.pitstoparabia.com/en/p-zero-272-pir1200044259-znq-32617
275,40,20,https://www.pitstoparabia.com/en/turanza-t005-br-br2754020t005-29979
275,40,20,https://www.pitstoparabia.com/en/latitude-sport-3-n0-mic-m2754020latsp39-32060
275,40,20,https://www.pitstoparabia.com/en/contisportcontact-5-suv-ssr-33454
275,40,20,https://www.pitstoparabia.com/en/latitude-sport-3-zp-grnx-1-mic488915-33059
275,40,21,https://www.pitstoparabia.com/en/thu-275-55r20-ht603-31824
275,40,21,https://www.pitstoparabia.com/en/iota-st68-39-31846
275,40,21,https://www.pitstoparabia.com/en/rx-615-31807
275,40,21,https://www.pitstoparabia.com/en/crosscontact-lx-sport-18-32210
275,40,21,https://www.pitstoparabia.com/en/contipremiumcontact-2-con3570820000-30908
275,40,22,https://www.pitstoparabia.com/en/iota-st68-11-33526
275,40,22,https://www.pitstoparabia.com/en/crugen-hp91-kum-2155553-2016-33468
275,40,22,https://www.pitstoparabia.com/en/geolandar-h-t-g056-yok-1335275-70r16-g056tl-28631
275,40,22,https://www.pitstoparabia.com/en/dueler-h-l-alenza-3-bs-3006-28480
275,40,22,https://www.pitstoparabia.com/en/eagle-f1-asymmetric-suv-gy-255-60r17106v-29242
275,40,22,https://www.pitstoparabia.com/en/scorpion-verde-48-pir-1873-27831
275,40,22,https://www.pitstoparabia.com/en/eagle-touring-gy-285-45r22-29488
275,40,22,https://www.pitstoparabia.com/en/p-zero-222-pir1200032860-27832
275,40,22,https://www.pitstoparabia.com/en/crosscontact-lx-con3549260000-28417
275,40,22,https://www.pitstoparabia.com/en/crosscontact-lx-sport-22-28798
275,40,22,https://www.pitstoparabia.com/en/sp-quattromaxx-xl-5-30688
275,40,22,https://www.pitstoparabia.com/en/crosscontact-lx-sport-csi-28796
275,40,22,https://www.pitstoparabia.com/en/pilot-sport-4s-mic856217-32515
275,40,22,https://www.pitstoparabia.com/en/scorpion-verde-48-pir-1873-32984
275,40,22,https://www.pitstoparabia.com/en/p-zero-222-pir1200032860-33026
275,40,22,https://www.pitstoparabia.com/en/crosscontact-lx-sport-csi-33527
275,40,22,https://www.pitstoparabia.com/en/crosscontact-lx-sport-22-29905
275,45,18,https://www.pitstoparabia.com/en/contisportcontact-5-mo-csc5-fr-27571
275,45,19,https://www.pitstoparabia.com/en/tracmax1042-25999
275,45,19,https://www.pitstoparabia.com/en/pearly-1-29005
275,45,19,https://www.pitstoparabia.com/en/tracmax1042-31673
275,45,19,https://www.pitstoparabia.com/en/thu-275-55r20-ht603-32252
275,45,19,https://www.pitstoparabia.com/en/advan-sport-v103b-3
275,45,20,https://www.pitstoparabia.com/en/ht1000-zee1200032143-33610
275,45,20,https://www.pitstoparabia.com/en/ra610-31482
275,45,20,https://www.pitstoparabia.com/en/pearly-1-31051
275,45,20,https://www.pitstoparabia.com/en/bw668-be-1200054592-2022-33705
275,45,20,https://www.pitstoparabia.com/en/ht1000-zee1200032143-33576
275,45,20,https://www.pitstoparabia.com/en/su1000-zee1200032206-32796
275,45,20,https://www.pitstoparabia.com/en/thu-275-55r20-ht603-32253
275,45,20,https://www.pitstoparabia.com/en/tracmax1042-31664
275,45,20,https://www.pitstoparabia.com/en/atl19017-31505
275,45,20,https://www.pitstoparabia.com/en/nfera-ru5-6-27999
275,45,20,https://www.pitstoparabia.com/en/nfera-ru5-roa1200031500-31704
275,45,20,https://www.pitstoparabia.com/en/nfera-ru5-roa1200031500-26497
275,45,20,https://www.pitstoparabia.com/en/nfera-ru5-6-32387
275,45,20,https://www.pitstoparabia.com/en/nt421q-nit-1200039989-33690
275,45,20,https://www.pitstoparabia.com/en/max050-dun45301-29380
275,45,20,https://www.pitstoparabia.com/en/potenza-re050a-19-28459
275,45,20,https://www.pitstoparabia.com/en/dueler-h-p-sport-as-ao-xl-1-nc
275,45,20,https://www.pitstoparabia.com/en/eagle-f1-asymmetric-suv-ao-xl-gy-255-55r20110w-znq-29170
275,45,20,https://www.pitstoparabia.com/en/max050-dun45301-33232
275,45,20,https://www.pitstoparabia.com/en/scorpion-verde-38-pir-1233-27606
275,45,20,https://www.pitstoparabia.com/en/latitude-sport-n0-mic792654-26848
275,45,20,https://www.pitstoparabia.com/en/scorpion-verde-38-pir-1233-32415
275,45,20,https://www.pitstoparabia.com/en/advan-sport-v103h-32839
275,45,20,https://www.pitstoparabia.com/en/latitude-sport-n0-mic792654-32061
275,45,20,https://www.pitstoparabia.com/en/latitude-sport-3-mic-m2754520lats3t0-28101
275,45,20,https://www.pitstoparabia.com/en/crosscontact-uhp-con3541260000-27874
275,45,20,https://www.pitstoparabia.com/en/crosscontact-lx-sport-no-con03540880000-27882
275,45,20,https://www.pitstoparabia.com/en/latitude-sport-3-mic-m2754520lats3t0-33187
275,45,21,https://www.pitstoparabia.com/en/bw668-be-1200054592-2022-33706
275,45,21,https://www.pitstoparabia.com/en/tracmax1042-32290
275,45,21,https://www.pitstoparabia.com/en/pearly-1-31366
275,45,21,https://www.pitstoparabia.com/en/thu-275-55r20-ht603-32405
275,45,21,https://www.pitstoparabia.com/en/nt421q-nit-1200039968-2017-30839
275,45,21,https://www.pitstoparabia.com/en/eco-solus-kl21-34-5-kum-2176543-2016-26800
275,45,21,https://www.pitstoparabia.com/en/nt421q-nit-1200039968-2017-33691
275,45,21,https://www.pitstoparabia.com/en/eco-solus-kl21-34-5-kum-2176543-2016-33273
275,45,21,https://www.pitstoparabia.com/en/alenza-001-28171
275,45,21,https://www.pitstoparabia.com/en/geolandar-h-t-g056-yok-1335275-70r16-g056tl-28630
275,45,21,https://www.pitstoparabia.com/en/advan-sport-v105s-1-32118
275,45,21,https://www.pitstoparabia.com/en/scorpion-verde-67-pir-275-45-21-27834
275,45,21,https://www.pitstoparabia.com/en/eagle-f1-asymmetric-suv-ao-xl-gy-255-55r20110w-znq-29171
275,45,21,https://www.pitstoparabia.com/en/crosscontact-lx-sport-con03543340000-znq-28413
275,45,21,https://www.pitstoparabia.com/en/scorpion-verde-67-pir-275-45-21-27799
275,45,21,https://www.pitstoparabia.com/en/pt3-dun154-30936
275,45,21,https://www.pitstoparabia.com/en/eagle-f1-asymmetric-suv-xl-4
275,45,21,https://www.pitstoparabia.com/en/alenza-001-32500
275,45,21,https://www.pitstoparabia.com/en/eagle-f1-asymmetric-suv-gy-255-60r17106v-30605
275,45,21,https://www.pitstoparabia.com/en/pilot-sport-4-mic149173-27476
275,45,21,https://www.pitstoparabia.com/en/contisportcontact-6-27891
275,45,21,https://www.pitstoparabia.com/en/scorpion-zero-14-32945
275,45,21,https://www.pitstoparabia.com/en/scorpion-verde-67-pir-275-45-21-32088
275,45,21,https://www.pitstoparabia.com/en/scorpion-verde-67-pir-275-45-21-32087
275,45,21,https://www.pitstoparabia.com/en/eagle-f1-asymmetric-suv-ao-xl-gy-255-55r20110w-znq-32330
275,45,21,https://www.pitstoparabia.com/en/p-zero-272-pir-1448-29133
275,45,21,https://www.pitstoparabia.com/en/contisportcontact-5-suv-con3543160000-29061
275,45,21,https://www.pitstoparabia.com/en/contisportcontact-5-suv-con3543160000-29437
275,45,21,https://www.pitstoparabia.com/en/pilot-sport-4-1-mic192246-32062
275,45,21,https://www.pitstoparabia.com/en/p-zero-272-pir-1448-29134
275,45,21,https://www.pitstoparabia.com/en/crosscontact-lx-sport-20-29060
275,45,21,https://www.pitstoparabia.com/en/contisportcontact-6-30737
275,45,21,https://www.pitstoparabia.com/en/contisportcontact-6-27573
275,45,21,https://www.pitstoparabia.com/en/p-zero-272-pir-1448-32986
275,50,19,https://www.pitstoparabia.com/en/pilot-sport-4-1-mic192246-30517
275,50,19,https://www.pitstoparabia.com/en/contipremiumcontact-mo-29906
275,50,20,https://www.pitstoparabia.com/en/thu-275-55r20-ht603-31821
275,50,20,https://www.pitstoparabia.com/en/tracmax1042-32291
275,50,20,https://www.pitstoparabia.com/en/latitude-sport-mo-mic058138-27490
275,50,20,https://www.pitstoparabia.com/en/scorpion-zero-22-29804
275,50,20,https://www.pitstoparabia.com/en/latitude-sport-mo-mic058138-33053
275,50,20,https://www.pitstoparabia.com/en/contisportcontact-5-suv-ssr-10
275,50,20,https://www.pitstoparabia.com/en/crosscontact-uhp-mo-con-275-50-20-27575
275,50,20,https://www.pitstoparabia.com/en/contisportcontact-5-suv-ssr-10-27550
275,50,20,https://www.pitstoparabia.com/en/contisportcontact-5-suv-ssr-10-33206
275,50,21,https://www.pitstoparabia.com/en/pearly-1-31361
275,50,21,https://www.pitstoparabia.com/en/iota-st68-5-31569
275,50,21,https://www.pitstoparabia.com/en/dueler-h-l-alenza-3-bs-2364-br2954020-28149
275,50,21,https://www.pitstoparabia.com/en/dueler-h-l-alenza-3-bs-2364-br2954020-32497
275,50,21,https://www.pitstoparabia.com/en/eagle-f1-asymmetric-suv-ao-xl-1-33263
275,50,21,https://www.pitstoparabia.com/en/pt3a-dun011-27504
275,50,22,https://www.pitstoparabia.com/en/eco-solus-kl21-6-33257
275,55,20,https://www.pitstoparabia.com/en/tracmax1042-32926
275,55,20,https://www.pitstoparabia.com/en/sa1000-14-27066
275,55,20,https://www.pitstoparabia.com/en/bw668-be-1200054592-2022-33707
275,55,20,https://www.pitstoparabia.com/en/su1000-zee1200032208-2017-33586
275,55,20,https://www.pitstoparabia.com/en/sa1000-14-32902
275,55,20,https://www.pitstoparabia.com/en/atl19017-31757
275,55,20,https://www.pitstoparabia.com/en/thu-275-55r20-ht603-32255
275,55,20,https://www.pitstoparabia.com/en/thu-275-55r20-ht603-31935
275,55,20,https://www.pitstoparabia.com/en/su1000-zee1200032208-2017-33585
275,55,20,https://www.pitstoparabia.com/en/thu-275-55r20-ht603-31599
275,55,20,https://www.pitstoparabia.com/en/zeta-30019
275,55,20,https://www.pitstoparabia.com/en/ro-htx-rh5-roa1200033937-31712
275,55,20,https://www.pitstoparabia.com/en/scorpion-str-25-pir1200007737-znq-27500
275,55,20,https://www.pitstoparabia.com/en/dueler-h-l-alenza-3-bs-2364-28150
275,55,20,https://www.pitstoparabia.com/en/open-country-u-t-ty-215-70r16-oput-29928
275,55,20,https://www.pitstoparabia.com/en/geolandar-h-t-g056-yok-1335255-65r17-g056tl-28349
275,55,20,https://www.pitstoparabia.com/en/wrangler-sr-a-8-gy-275-55r20111s-28320
275,55,20,https://www.pitstoparabia.com/en/scorpion-str-25-pir1200007737-znq-32623
275,55,20,https://www.pitstoparabia.com/en/dynapro-at-m-rf10-2-hk-166a0102755520rh10na-28406
275,55,20,https://www.pitstoparabia.com/en/ltx-at2-lre-dt-mic385052-27216
275,55,20,https://www.pitstoparabia.com/en/geolandar-at-g015-yok-1335275-60r20-g015tl-31621
275,55,20,https://www.pitstoparabia.com/en/dynapro-at-m-rf10-2-hk-166a0102755520rh10na-33391
275,55,20,https://www.pitstoparabia.com/en/wrangler-sr-a-8-gy-275-55r20111s-32329
275,60,15,https://www.pitstoparabia.com/en/thu-275-55r20-ht603-31852
275,60,15,https://www.pitstoparabia.com/en/cobra-radial-g-t-5
275,60,18,https://www.pitstoparabia.com/en/geolandar-h-t-g056-yok-1335215-70r15-g056tl-29255
275,60,18,https://www.pitstoparabia.com/en/geolandar-h-t-g056-yok-1335215-70r15-g056tl-33718
275,60,18,https://www.pitstoparabia.com/en/dueler-h-t-d684-6-bs202005-30430
275,60,20,https://www.pitstoparabia.com/en/ecomile-28891
275,60,20,https://www.pitstoparabia.com/en/ecomile-28892
275,60,20,https://www.pitstoparabia.com/en/thu-275-55r20-ht603-31600
275,60,20,https://www.pitstoparabia.com/en/eco-pro-h-t-29486
275,60,20,https://www.pitstoparabia.com/en/thu-275-55r20-ht603-32256
275,60,20,https://www.pitstoparabia.com/en/g-fit-as-28791
275,60,20,https://www.pitstoparabia.com/en/sa1000-14-32903
275,60,20,https://www.pitstoparabia.com/en/dynapro-hp2-ra33-21-hk-161a0102756020hra33a-26361
275,60,20,https://www.pitstoparabia.com/en/thu-275-55r20-ht603-31521
275,60,20,https://www.pitstoparabia.com/en/ro-htx-rh5-23-nex1200036701-26821
275,60,20,https://www.pitstoparabia.com/en/atl19017-31020
275,60,20,https://www.pitstoparabia.com/en/ro-htx-rh5-23-nex1200036701-33290
275,60,20,https://www.pitstoparabia.com/en/azenis-fk453-1-28872
275,60,20,https://www.pitstoparabia.com/en/htr-sport-h-p-12-sm-g2000275sh9t-29513
275,60,20,https://www.pitstoparabia.com/en/open-country-u-t-ty-215-70r16-oput-27798
275,60,20,https://www.pitstoparabia.com/en/geolandar-at-g015-yok-1335275-60r20-g015tl-28350
275,60,20,https://www.pitstoparabia.com/en/courser-htr-plus-mc-275-60-20-29858
275,60,20,https://www.pitstoparabia.com/en/grandtrek-at23-2-27727
275,60,20,https://www.pitstoparabia.com/en/conticrosscontact-lx-2-5-con3544520000-27577
275,60,20,https://www.pitstoparabia.com/en/excellence-ao-gy-285-60r18116v-effgrip-28326
275,60,20,https://www.pitstoparabia.com/en/crugen-premium-kl33-kum-2208393-32640
275,60,20,https://www.pitstoparabia.com/en/geolandar-at-g015-yok-1335275-60r20-g015tl-32115
275,60,20,https://www.pitstoparabia.com/en/geolandar-h-t-g056-yok-1335255-65r17-g056tl-32117
275,60,20,https://www.pitstoparabia.com/en/scorpion-atr-12-29152
275,60,20,https://www.pitstoparabia.com/en/dueler-h-t-d684-6-bs202005-28173
275,60,20,https://www.pitstoparabia.com/en/scorpion-verde-36-pir1200033125-32988
275,60,20,https://www.pitstoparabia.com/en/eagle-f1-asymmetric-suv-ao-xl-1-30161
275,60,20,https://www.pitstoparabia.com/en/grandtrek-at23-2-32588
275,60,20,https://www.pitstoparabia.com/en/latitude-tour-hp-mic887014-znq-28089
275,60,20,https://www.pitstoparabia.com/en/eagle-f1-asymmetric-suv-ao-xl-1-32327
275,60,20,https://www.pitstoparabia.com/en/latitude-tour-hp-mic887014-znq-33495
275,60,20,https://www.pitstoparabia.com/en/long-trail-t-a-tour-1-bfg-240646-2016-31074
275,60,20,https://www.pitstoparabia.com/en/dueler-h-t-d684-6-bs202005-32052
275,65,17,https://www.pitstoparabia.com/en/pearly-1-30630
275,65,17,https://www.pitstoparabia.com/en/pearly-1-26341
275,65,17,https://www.pitstoparabia.com/en/pearly-1-31363
275,65,17,https://www.pitstoparabia.com/en/tracmax1042-32293
275,65,17,https://www.pitstoparabia.com/en/thu-275-55r20-ht603-31310
275,65,17,https://www.pitstoparabia.com/en/dynapro-hp2-ra33-21-hk-161a0102756517ra33na-26355
275,65,17,https://www.pitstoparabia.com/en/ht1000-zee1200032156-26466
275,65,17,https://www.pitstoparabia.com/en/ro-ht-8-nex-1879-27525
275,65,17,https://www.pitstoparabia.com/en/ht760-maxxis-p275-65r17-mxs-29974
275,65,17,https://www.pitstoparabia.com/en/geolandar-h-t-g056-yok-1335275-65r17-g056tl-27535
275,65,17,https://www.pitstoparabia.com/en/open-country-u-t-ty-225-65r17-oput-29417
275,65,17,https://www.pitstoparabia.com/en/ro-ht-8-nex-1879-32015
275,65,17,https://www.pitstoparabia.com/en/wildpeak-h-t01-28864
275,65,17,https://www.pitstoparabia.com/en/geolandar-at-g015-yok-1335285-60r18-g015tl-28363
275,65,17,https://www.pitstoparabia.com/en/geolandar-at-g015-yok-1335285-60r18-g015tl-33371
275,65,17,https://www.pitstoparabia.com/en/dueler-h-t-d840-6-br275-65r17115t-d840-26773
275,65,17,https://www.pitstoparabia.com/en/grandtrek-at22-3-28141
275,65,17,https://www.pitstoparabia.com/en/primacy-suv-mic501268-27491
275,65,17,https://www.pitstoparabia.com/en/dueler-h-t-d840-6-br275-65r17115t-d840-32126
275,65,17,https://www.pitstoparabia.com/en/all-terrain-t-a-ko2-8-bfg-146092-29185
275,65,17,https://www.pitstoparabia.com/en/primacy-suv-mic501268-32519
275,65,18,https://www.pitstoparabia.com/en/tracmax1042-32294
275,65,18,https://www.pitstoparabia.com/en/sa1000-15-28624
275,65,18,https://www.pitstoparabia.com/en/g-fit-as-28787
275,65,18,https://www.pitstoparabia.com/en/thu-275-55r20-ht603-31829
275,65,18,https://www.pitstoparabia.com/en/atl19017-31021
275,65,18,https://www.pitstoparabia.com/en/eco-pro-h-t-27750
275,65,18,https://www.pitstoparabia.com/en/ht1000-zee1200032143-33578
275,65,18,https://www.pitstoparabia.com/en/ro-htx-rh5-7-nex1200033935-26818
275,65,18,https://www.pitstoparabia.com/en/ro-htx-rh5-roa1200033935-27032
275,65,18,https://www.pitstoparabia.com/en/thu-275-55r20-ht603-31833
275,65,18,https://www.pitstoparabia.com/en/ro-htx-rh5-7-nex1200033935-32012
275,65,18,https://www.pitstoparabia.com/en/road-venture-at51-5-26796
275,65,18,https://www.pitstoparabia.com/en/geolandar-h-t-g056-yok-1335255-65r17-g056tl-28354
275,65,18,https://www.pitstoparabia.com/en/dueler-br-275-50r22-27701
275,65,18,https://www.pitstoparabia.com/en/road-venture-at51-10-31656
275,65,18,https://www.pitstoparabia.com/en/geolandar-at-g015-yok-1335275-65r18-g015tl-28910
275,65,18,https://www.pitstoparabia.com/en/geolandar-h-t-g056-yok-1335255-65r17-g056tl-33377
275,65,18,https://www.pitstoparabia.com/en/primacy-suv-mic304643-27409
275,65,18,https://www.pitstoparabia.com/en/wrangler-fortitude-gy-275-65r18116t-wrl-28318
275,65,18,https://www.pitstoparabia.com/en/wrangler-fortitude-gy-275-65r18116t-wrl-22537
275,65,18,https://www.pitstoparabia.com/en/primacy-suv-mic304643-33054
275,65,18,https://www.pitstoparabia.com/en/wrangler-duratrac-2-29179
275,65,20,https://www.pitstoparabia.com/en/wrangler-duratrac-2-28331
275,70,16,https://www.pitstoparabia.com/en/tracmax1042-31295
275,70,16,https://www.pitstoparabia.com/en/g4000-31957
275,70,16,https://www.pitstoparabia.com/en/atl19017-30459
275,70,16,https://www.pitstoparabia.com/en/dynapro-hp2-ra33-2-hk-161a0102757016ra33na-26354
275,70,16,https://www.pitstoparabia.com/en/ht1000-zee1200032199-26467
275,70,16,https://www.pitstoparabia.com/en/ro-htx-rh5-roa1200036702-28612
275,70,16,https://www.pitstoparabia.com/en/ht1000-zee1200032199-32818
275,70,16,https://www.pitstoparabia.com/en/ro-htx-rh5-2-nex-2326-27363
275,70,16,https://www.pitstoparabia.com/en/riken-171z7502154517wuhpta-2019-33410
275,70,16,https://www.pitstoparabia.com/en/wildpeak-h-t01-4-28851
275,70,16,https://www.pitstoparabia.com/en/ro-htx-rh5-roa1200036702-33648
275,70,16,https://www.pitstoparabia.com/en/geolandar-h-t-g056-yok-1335275-70r16-g056tl
275,70,16,https://www.pitstoparabia.com/en/dura-grappler-20-nit-1200012606-33692
275,70,16,https://www.pitstoparabia.com/en/dueler-h-p-sport-39-27696
275,70,16,https://www.pitstoparabia.com/en/geolandar-h-t-g056-yok-1335275-70r16-g056tl-27537
275,70,16,https://www.pitstoparabia.com/en/grandtrek-tg28-m2-dun484-27503
275,70,16,https://www.pitstoparabia.com/en/open-country-u-t-ty-215-70r16-oput-29927
275,70,16,https://www.pitstoparabia.com/en/dueler-h-t-d840-7-1-27468
275,70,16,https://www.pitstoparabia.com/en/geolandar-at-g015-yok-1335285-60r18-g015tl-27536
275,70,16,https://www.pitstoparabia.com/en/grandtrek-tg28-m2-dun484-32583
275,70,16,https://www.pitstoparabia.com/en/geolandar-at-g015-yok-1335285-60r18-g015tl-31614
275,70,16,https://www.pitstoparabia.com/en/dueler-h-t-d840-7-1-32493
275,70,16,https://www.pitstoparabia.com/en/all-terrain-t-a-ko2-3-bfg-885912-28530
275,70,16,https://www.pitstoparabia.com/en/ltx-at2-mic-m2457016ltx-32063
275,70,17,https://www.pitstoparabia.com/en/road-venture-at51-kum-2177803-26925
275,70,18,https://www.pitstoparabia.com/en/thu-275-55r20-ht603-31834
275,70,18,https://www.pitstoparabia.com/en/ar-9303-2021-27610
275,70,18,https://www.pitstoparabia.com/en/tamarock-at-27778
275,70,18,https://www.pitstoparabia.com/en/crugen-ht51-kum-2230883-29348
275,70,18,https://www.pitstoparabia.com/en/ltx-at2-lre-dt-mic397696-33496
285,30,19,https://www.pitstoparabia.com/en/advan-sport-v105s-4-26704
285,30,19,https://www.pitstoparabia.com/en/advan-sport-v105s-4-33372
285,30,19,https://www.pitstoparabia.com/en/potenza-s001-br-br2454020s001-27402
285,30,19,https://www.pitstoparabia.com/en/potenza-s001-br-br2454020s001-33119
285,30,19,https://www.pitstoparabia.com/en/contisportcontact-5p-mo-conc03565270000-28797
285,30,19,https://www.pitstoparabia.com/en/contisportcontact-5p-ssr-mo-extended-con03519570000-27463
285,30,20,https://www.pitstoparabia.com/en/pearly-1-28068
285,30,20,https://www.pitstoparabia.com/en/pearly-1-31547
285,30,20,https://www.pitstoparabia.com/en/potenza-re050a-19-29032
285,30,20,https://www.pitstoparabia.com/en/pilot-sport-cup2-n0-mic139305-33497
285,30,21,https://www.pitstoparabia.com/en/bw668-be-1200054592-2022-33708
285,30,21,https://www.pitstoparabia.com/en/pearly-1-30286
285,30,21,https://www.pitstoparabia.com/en/pearly-1-31558
285,30,21,https://www.pitstoparabia.com/en/atl19017-30329
285,30,21,https://www.pitstoparabia.com/en/atl19017-30989
285,35,19,https://www.pitstoparabia.com/en/atl19017-30992
285,35,19,https://www.pitstoparabia.com/en/atl19017-30327
285,35,19,https://www.pitstoparabia.com/en/potenza-re050a-19-29987
285,35,19,https://www.pitstoparabia.com/en/potenza-re050a-92-30422
285,35,19,https://www.pitstoparabia.com/en/p-zero-270-27859
285,35,20,https://www.pitstoparabia.com/en/solus-kh15-10-kum-235-35-20-32638
285,35,20,https://www.pitstoparabia.com/en/p-zero-206-pir1200032841-znq-27836
285,35,20,https://www.pitstoparabia.com/en/contisportcontact-5p-mo-con03563000000-28982
285,35,20,https://www.pitstoparabia.com/en/p-zero-325-pir1200039355-28250
285,35,20,https://www.pitstoparabia.com/en/p-zero-281-pir-275-35-21-27130
285,35,20,https://www.pitstoparabia.com/en/pzero-pz4-13-30361
285,35,20,https://www.pitstoparabia.com/en/pilot-sport-3-mo-grnx-mic990833-2019-33094
285,35,20,https://www.pitstoparabia.com/en/contisportcontact-6-30902
285,35,20,https://www.pitstoparabia.com/en/pilot-sport-4s-mic856217-33076
285,35,20,https://www.pitstoparabia.com/en/contisportcontact-5p-mo-con03563000000-32536
285,35,20,https://www.pitstoparabia.com/en/p-zero-281-pir-275-35-21-32203
285,35,20,https://www.pitstoparabia.com/en/sp-sport-maxx-gt600-1
285,35,20,https://www.pitstoparabia.com/en/p-zero-272-pir-1448-30807
285,35,21,https://www.pitstoparabia.com/en/pearly-1-31559
285,35,21,https://www.pitstoparabia.com/en/iota-st68-16-31321
285,35,21,https://www.pitstoparabia.com/en/max050-dun35301-2017-28734
285,35,21,https://www.pitstoparabia.com/en/advan-sport-v105s-5-yok-1335235-40zr18-v105stl-28995
285,35,21,https://www.pitstoparabia.com/en/contisportcontact-5p-mo-cnl2853521csc59-27890
285,35,21,https://www.pitstoparabia.com/en/contisportcontact-6p-con3571960000-30907
285,35,21,https://www.pitstoparabia.com/en/contisportcontact-5p-mo-cnl2853521csc59-32581
285,35,21,https://www.pitstoparabia.com/en/p-zero-272-pir1200044259-znq-29150
285,35,21,https://www.pitstoparabia.com/en/p-zero-272-pir1200044259-znq-32469
285,35,22,https://www.pitstoparabia.com/en/ht1000-zee1200032143-33611
285,35,22,https://www.pitstoparabia.com/en/tracmax1042-31580
285,35,22,https://www.pitstoparabia.com/en/atl19017-31766
285,35,22,https://www.pitstoparabia.com/en/iota-st68-39-31324
285,35,22,https://www.pitstoparabia.com/en/eco-solus-kl21-6-32923
285,35,22,https://www.pitstoparabia.com/en/scorpion-zero-16-29420
285,35,22,https://www.pitstoparabia.com/en/pilot-sport-4s-mic-m2353520ps4s-27227
285,35,22,https://www.pitstoparabia.com/en/pilot-sport-4s-mic-m2353520ps4s-33101
285,40,19,https://www.pitstoparabia.com/en/pilot-super-sport-n0-mic198755-29541
285,40,19,https://www.pitstoparabia.com/en/pilot-super-sport-n0-mic198755-33102
285,40,19,https://www.pitstoparabia.com/en/p-zero-298-29643
285,40,20,https://www.pitstoparabia.com/en/pilot-sport-3-grnx-mic712106-27424
285,40,20,https://www.pitstoparabia.com/en/pilot-sport-3-grnx-mic712106-32523
285,40,20,https://www.pitstoparabia.com/en/cinturato-p7-44-pir1200014634-29640
285,40,20,https://www.pitstoparabia.com/en/efficientgrip-73
285,40,20,https://www.pitstoparabia.com/en/cinturato-p7-44-pir1200014634-33039
285,40,20,https://www.pitstoparabia.com/en/p-zero-206-pir1200025685-ah-33038
285,40,21,https://www.pitstoparabia.com/en/rx-615-31804
285,40,21,https://www.pitstoparabia.com/en/ecsta-ps71-kum-2206343-30569
285,40,21,https://www.pitstoparabia.com/en/ecsta-ps71-kum-2206343-33274
285,40,21,https://www.pitstoparabia.com/en/potenza-re050a-19-29832
285,40,21,https://www.pitstoparabia.com/en/eagle-f1-asymmetric-2-gy-285-40r21109y-eagf1asy2-29178
285,40,21,https://www.pitstoparabia.com/en/pzero-pz4-pir12000155-ro1-27115
285,40,21,https://www.pitstoparabia.com/en/dueler-h-p-sport-8-3-28469
285,40,21,https://www.pitstoparabia.com/en/scorpion-verde-ao-xl-27135
285,40,21,https://www.pitstoparabia.com/en/ventus-v12-evo2-k120-1-hk-171a0102254517yk120a-30399
285,40,21,https://www.pitstoparabia.com/en/contisportcontact-5-suv-con3568650000-27885
285,40,21,https://www.pitstoparabia.com/en/scorpion-verde-ao-xl-32989
285,40,21,https://www.pitstoparabia.com/en/eagle-f1-asymmetric-2-gy-285-40r21109y-eagf1asy2-32331
285,40,21,https://www.pitstoparabia.com/en/p-zero-299-32990
285,40,21,https://www.pitstoparabia.com/en/p-zero-299-27125
285,40,22,https://www.pitstoparabia.com/en/tracmax1042-31667
285,40,22,https://www.pitstoparabia.com/en/pearly-1-32726
285,40,22,https://www.pitstoparabia.com/en/atl19017-27304
285,40,22,https://www.pitstoparabia.com/en/atl19017-31339
285,40,22,https://www.pitstoparabia.com/en/rx-615-31731
285,40,22,https://www.pitstoparabia.com/en/potenza-re050a-19-31642
285,40,22,https://www.pitstoparabia.com/en/crosscontact-lx-sport-con3542070092-znq-29296
285,40,22,https://www.pitstoparabia.com/en/contisportcontact-5p-csc5p-mo-27689
285,40,22,https://www.pitstoparabia.com/en/scorpion-verde-67-pir-275-45-21-29040
285,40,22,https://www.pitstoparabia.com/en/advan-sport-v103-6-yok-1335245-40zr19-v105stl-32846
285,40,22,https://www.pitstoparabia.com/en/p-zero-325-pir1200039347-29146
285,40,22,https://www.pitstoparabia.com/en/scorpion-zero-16-29653
285,40,22,https://www.pitstoparabia.com/en/pilot-sport-4-1-mic192246-32064
285,40,22,https://www.pitstoparabia.com/en/pilot-sport-4-1-mic192246-30181
285,40,22,https://www.pitstoparabia.com/en/contisportcontact-5p-csc5p-mo-32537
285,40,22,https://www.pitstoparabia.com/en/contisportcontact-5p-csc5p-mo-27878
285,40,22,https://www.pitstoparabia.com/en/p-zero-258-pir1200038745-33336
285,40,22,https://www.pitstoparabia.com/en/p-zero-325-pir1200039347-33328
285,40,22,https://www.pitstoparabia.com/en/p-zero-325-pir1200039347-32089
285,40,22,https://www.pitstoparabia.com/en/p-zero-325-pir1200039347-29145
285,40,22,https://www.pitstoparabia.com/en/p-zero-258-pir1200038745-30886
285,40,22,https://www.pitstoparabia.com/en/p-zero-258-pir1200038745-27837
285,40,22,https://www.pitstoparabia.com/en/p-zero-281-pir-275-35-21-30216
285,40,22,https://www.pitstoparabia.com/en/p-zero-258-pir1200038745-32090
285,45,19,https://www.pitstoparabia.com/en/pearly-1-32721
285,45,19,https://www.pitstoparabia.com/en/eagle-f1-asymmetric-suv-xl-1-30603
285,45,19,https://www.pitstoparabia.com/en/scorpion-verde-57-pir1200036685-29644
285,45,19,https://www.pitstoparabia.com/en/contisportcontact-5-ssr-con3542170000-29907
285,45,19,https://www.pitstoparabia.com/en/latitude-sport-3-grnx-mic544381-31651
285,45,20,https://www.pitstoparabia.com/en/scorpion-verde-a-s-plus-xl-pir1200039093-27122
285,45,20,https://www.pitstoparabia.com/en/scorpion-verde-a-s-plus-xl-pir1200039093-32091
285,45,20,https://www.pitstoparabia.com/en/f1-asymmetric-2-32328
285,45,20,https://www.pitstoparabia.com/en/contisportcontact-5-suv-ao-1-30739
285,45,21,https://www.pitstoparabia.com/en/scorpion-zero-22-32472
285,45,21,https://www.pitstoparabia.com/en/contisportcontact-5-mo-con03564800000-32572
285,45,21,https://www.pitstoparabia.com/en/p-zero-325-pir1200039347-30641
285,45,21,https://www.pitstoparabia.com/en/eagle-nct5-1-29162
285,45,21,https://www.pitstoparabia.com/en/p-zero-325-pir1200039347-33040
285,45,22,https://www.pitstoparabia.com/en/pearly-1-31052
285,45,22,https://www.pitstoparabia.com/en/su1000-zee1200032209-33588
285,45,22,https://www.pitstoparabia.com/en/kc2000-18-32888
285,45,22,https://www.pitstoparabia.com/en/rx-615-31735
285,45,22,https://www.pitstoparabia.com/en/ls588-suv-2-32025
285,45,22,https://www.pitstoparabia.com/en/thu-275-55r20-ht603-31936
285,45,22,https://www.pitstoparabia.com/en/atl19017-30984
285,45,22,https://www.pitstoparabia.com/en/tamarock-at
285,45,22,https://www.pitstoparabia.com/en/ro-hp-12-33669
285,45,22,https://www.pitstoparabia.com/en/eco-solus-kl21-6-28513
285,45,22,https://www.pitstoparabia.com/en/ro-hp-5-2-32144
285,45,22,https://www.pitstoparabia.com/en/eco-solus-kl21-6-33469
285,45,22,https://www.pitstoparabia.com/en/scorpion-verde-a-s-plus-4-pir1200038834-27501
285,45,22,https://www.pitstoparabia.com/en/dueler-h-l-alenza-3-bs-3006-28431
285,45,22,https://www.pitstoparabia.com/en/geolandar-at-g015-yok-1335275-60r20-g015tl-28548
285,45,22,https://www.pitstoparabia.com/en/dynapro-ht-rh12-hk-171a0102854522hrh12a-31648
285,45,22,https://www.pitstoparabia.com/en/dueler-h-l-alenza-4-1-1-29269
285,45,22,https://www.pitstoparabia.com/en/dynapro-ht-rh12-hk-171a0102854522hrh12a-33392
285,45,22,https://www.pitstoparabia.com/en/scorpion-verde-36-pir1200033125-32624
285,45,22,https://www.pitstoparabia.com/en/eagle-touring-gy-285-45r22-33157
285,45,22,https://www.pitstoparabia.com/en/dueler-h-l-alenza-4-1-1-32647
285,45,22,https://www.pitstoparabia.com/en/geolandar-at-g015-yok-1335275-60r20-g015tl-32841
285,45,22,https://www.pitstoparabia.com/en/dueler-h-l-alenza-3-bs-3006-32124
285,45,22,https://www.pitstoparabia.com/en/conticrosscontact-lx-2-fr-con15492740000-2019-32527
285,45,22,https://www.pitstoparabia.com/en/comfortcontact-cc6-con3585990000-30687
285,45,22,https://www.pitstoparabia.com/en/scorpion-zero-14-33047
285,45,22,https://www.pitstoparabia.com/en/comfortcontact-cc6-con3585990000-32437
285,50,20,https://www.pitstoparabia.com/en/tracmax1042-32927
285,50,20,https://www.pitstoparabia.com/en/su1000-zee1200045693-32797
285,50,20,https://www.pitstoparabia.com/en/thu-275-55r20-ht603-32257
285,50,20,https://www.pitstoparabia.com/en/ht1000-zee1200032143-32787
285,50,20,https://www.pitstoparabia.com/en/ht760-1-29971
285,50,20,https://www.pitstoparabia.com/en/ro-hp-roa1200008590-31710
285,50,20,https://www.pitstoparabia.com/en/encounter-ht-sm-g2000285st2l-29517
285,50,20,https://www.pitstoparabia.com/en/wildpeak-h-t01-5-28852
285,50,20,https://www.pitstoparabia.com/en/open-country-h-t-3-29418
285,50,20,https://www.pitstoparabia.com/en/dueler-h-l-alenza-3-bs-3237-28166
285,50,20,https://www.pitstoparabia.com/en/eco-solus-kl21-34-1-kum-2205393-31721
285,50,20,https://www.pitstoparabia.com/en/dueler-h-p-sport-as-21-27179
285,50,20,https://www.pitstoparabia.com/en/geolandar-at-g015-yok-1335285-50r20-g015tl-32842
285,50,20,https://www.pitstoparabia.com/en/grandtrek-pt2a-dun121-znq-27507
285,50,20,https://www.pitstoparabia.com/en/eagle-gt-ii-1-29177
285,50,20,https://www.pitstoparabia.com/en/scorpion-verde-36-pir1200033125-30218
285,50,20,https://www.pitstoparabia.com/en/contipremiumcontact-2-con3570820000-27578
285,50,20,https://www.pitstoparabia.com/en/geolandar-h-t-g056-yok-1335215-70r15-g056tl-32843
285,50,20,https://www.pitstoparabia.com/en/efficient-grip-gy-2732-26672
285,50,20,https://www.pitstoparabia.com/en/dueler-h-p-sport-as-21-32053
285,50,20,https://www.pitstoparabia.com/en/dueler-h-l-alenza-3-bs-3237-33120
285,50,20,https://www.pitstoparabia.com/en/ltx-m-s-2-lre-30530
285,50,20,https://www.pitstoparabia.com/en/grandtrek-pt2a-dun121-znq-32590
285,50,20,https://www.pitstoparabia.com/en/contipremiumcontact-2-con3570820000-32559
285,55,20,https://www.pitstoparabia.com/en/sa1000-3-33697
285,55,20,https://www.pitstoparabia.com/en/thu-275-55r20-ht603-31940
285,55,20,https://www.pitstoparabia.com/en/road-venture-at51-kum-2177843-26801
285,55,20,https://www.pitstoparabia.com/en/tamarock-at-27779
285,55,20,https://www.pitstoparabia.com/en/road-venture-at51-kum-2177843-32184
285,60,18,https://www.pitstoparabia.com/en/thu-275-55r20-ht603-26651
285,60,18,https://www.pitstoparabia.com/en/riken-171z7502154517wuhpta-2019-24179
285,60,18,https://www.pitstoparabia.com/en/tracmax1042-30963
285,60,18,https://www.pitstoparabia.com/en/roadmarch-5074-31241
285,60,18,https://www.pitstoparabia.com/en/thu-275-55r20-ht603-31830
285,60,18,https://www.pitstoparabia.com/en/thu-275-55r20-ht603-31306
285,60,18,https://www.pitstoparabia.com/en/dynapro-hp2-ra33-8-hk-161a0102256517hra33a
285,60,18,https://www.pitstoparabia.com/en/su1000-zee1200032210-26470
285,60,18,https://www.pitstoparabia.com/en/riken-171z7502154517wuhpta-2019-29742
285,60,18,https://www.pitstoparabia.com/en/riken-161z7502057015701xxa-2019-33430
285,60,18,https://www.pitstoparabia.com/en/riken-171z7502154517wuhpta-2019-33427
285,60,18,https://www.pitstoparabia.com/en/su1000-zee1200032210-32798
285,60,18,https://www.pitstoparabia.com/en/ro-htx-rh5-roa1200033921-26495
285,60,18,https://www.pitstoparabia.com/en/ht760-3-maxxis-p285-60r18-ht760-29972
285,60,18,https://www.pitstoparabia.com/en/geolandar-h-t-yok-1335285-60r18-g056tl-28550
285,60,18,https://www.pitstoparabia.com/en/conticrosscontact-lx-2-14-27879
285,60,18,https://www.pitstoparabia.com/en/open-country-u-t-ty-215-70r16-oput-29419
285,60,18,https://www.pitstoparabia.com/en/dynapro-hp2-ra33-8-hk-161a0102256517hra33a-29805
285,60,18,https://www.pitstoparabia.com/en/ro-hp-6-nex-286-60r18-116v-ard-32165
285,60,18,https://www.pitstoparabia.com/en/dueler-h-p-sport-39-26776
285,60,18,https://www.pitstoparabia.com/en/grandtrek-at23-3-dun046-aat-30593
285,60,18,https://www.pitstoparabia.com/en/grandtrek-at22-1-28135
285,60,18,https://www.pitstoparabia.com/en/grandtrek-at22-2-dun733-znq-30366
285,60,18,https://www.pitstoparabia.com/en/geolandar-g94b-27538
285,60,18,https://www.pitstoparabia.com/en/scorpion-verde-69-32991
285,60,18,https://www.pitstoparabia.com/en/geolandar-g94b-33283
285,60,18,https://www.pitstoparabia.com/en/efficientgrip-gy-1613-30538
285,60,18,https://www.pitstoparabia.com/en/dueler-h-p-sport-39-32496
285,60,18,https://www.pitstoparabia.com/en/grandtrek-at22-1-33462
285,60,18,https://www.pitstoparabia.com/en/primacy-suv-mic593087-32065
285,65,17,https://www.pitstoparabia.com/en/thu-275-55r20-ht603-26650
285,65,17,https://www.pitstoparabia.com/en/pearly-1-30278
285,65,17,https://www.pitstoparabia.com/en/thu-275-55r20-ht603-31287
285,65,17,https://www.pitstoparabia.com/en/tracmax1042-30970
285,65,17,https://www.pitstoparabia.com/en/thu-275-55r20-ht603-31826
285,65,17,https://www.pitstoparabia.com/en/ro-htx-rh5-roa1200034502-26494
285,65,17,https://www.pitstoparabia.com/en/ht1000-zee1200032157-26471
285,65,17,https://www.pitstoparabia.com/en/dynapro-hp2-ra33-15-hk-161a0102856517hra33a-2019-26356
285,65,17,https://www.pitstoparabia.com/en/ht1000-zee1200032157-32819
285,65,17,https://www.pitstoparabia.com/en/ro-htx-rh5-24-nex-2378-27432
285,65,17,https://www.pitstoparabia.com/en/riken-171z7502154517wuhpta-2019-28722
285,65,17,https://www.pitstoparabia.com/en/ht760-11-maxxis-285-65r17-ht760-29973
285,65,17,https://www.pitstoparabia.com/en/ro-htx-rh5-24-nex-2378-32005
285,65,17,https://www.pitstoparabia.com/en/riken-171z7502154517wuhpta-2019-33419
285,65,17,https://www.pitstoparabia.com/en/geolandar-g94b-1-28643
285,65,17,https://www.pitstoparabia.com/en/geolandar-at-g015-yok-1335285-65r17-g015tl-28130
285,65,17,https://www.pitstoparabia.com/en/geolandar-h-t-g056-yok-1335285-65r17-g056tl-27539
285,65,17,https://www.pitstoparabia.com/en/wildpeak-h-t01-1-28854
285,65,17,https://www.pitstoparabia.com/en/open-country-u-t-ty-225-65r17-oput-27791
285,65,17,https://www.pitstoparabia.com/en/dynapro-hp2-ra33-15-hk-161a0102856517hra33a-2019-30387
285,65,17,https://www.pitstoparabia.com/en/dueler-h-t-d850-14-1-28782
285,65,17,https://www.pitstoparabia.com/en/geolandar-g94b-1-28912
285,65,17,https://www.pitstoparabia.com/en/geolandar-h-t-g056-yok-1335285-65r17-g056tl-33373
285,65,17,https://www.pitstoparabia.com/en/primacy-suv-mic-2327-27686
285,65,17,https://www.pitstoparabia.com/en/grandtrek-at22-28733
285,65,17,https://www.pitstoparabia.com/en/geolandar-g94b-1-32844
285,65,17,https://www.pitstoparabia.com/en/dueler-h-t-d850-14-1-32498
285,65,17,https://www.pitstoparabia.com/en/primacy-suv-mic-2327-32516
285,65,17,https://www.pitstoparabia.com/en/grandtrek-at22-33146
285,70,17,https://www.pitstoparabia.com/en/pearly-1-32723
285,70,17,https://www.pitstoparabia.com/en/pearly-1-32728
285,70,17,https://www.pitstoparabia.com/en/thu-275-55r20-ht603-31542
285,70,17,https://www.pitstoparabia.com/en/thu-275-55r20-ht603-31941
285,70,17,https://www.pitstoparabia.com/en/thu-275-55r20-ht603-31942
285,70,17,https://www.pitstoparabia.com/en/road-venture-at51-8-26798
285,70,17,https://www.pitstoparabia.com/en/geolandar-at-g015-yok-1335285-60r18-g015tl-26878
285,70,17,https://www.pitstoparabia.com/en/geolandar-at-g015-yok-1335285-60r18-g015tl-30695
285,70,17,https://www.pitstoparabia.com/en/road-venture-sat-kl61-8-31722
285,70,17,https://www.pitstoparabia.com/en/geolandar-at-g015-yok-1335285-60r18-g015tl-27541
285,70,17,https://www.pitstoparabia.com/en/geolandar-at-g015-yok-1335285-60r18-g015tl-32543
285,70,17,https://www.pitstoparabia.com/en/road-venture-at51-8-33253
285,70,17,https://www.pitstoparabia.com/en/dueler-a-t-d697-1-br235-60r16100h-d697-33110
285,70,17,https://www.pitstoparabia.com/en/discoverer-a-t3-19
285,70,17,https://www.pitstoparabia.com/en/all-terrain-t-a-ko2-9-bfg-595258-27382
285,70,17,https://www.pitstoparabia.com/en/long-trail-t-a-tour-1-bfg-240646-2016-32028
285,70,17,https://www.pitstoparabia.com/en/wrangler-duratrac-2-29172
285,75,16,https://www.pitstoparabia.com/en/pearly-1-31061
285,75,16,https://www.pitstoparabia.com/en/all-terrain-t-a-ko2-4-bfg-865383-29991
295,25,20,https://www.pitstoparabia.com/en/pilot-sport-4s-mic-225-40r19-znq-27929
295,25,22,https://www.pitstoparabia.com/en/pilot-sport-ps2-25-29092
295,30,19,https://www.pitstoparabia.com/en/atl19017-31340
295,30,19,https://www.pitstoparabia.com/en/ecsta-ps71-kum-225-35-19-30150
295,30,19,https://www.pitstoparabia.com/en/pilot-sport-4s-mic626309-27410
295,30,19,https://www.pitstoparabia.com/en/p-zero-317-27942
295,30,20,https://www.pitstoparabia.com/en/pearly-1-28067
295,30,20,https://www.pitstoparabia.com/en/pearly-1-31548
295,30,20,https://www.pitstoparabia.com/en/potenza-re050a-19-28475
295,30,20,https://www.pitstoparabia.com/en/p-zero-318-27126
295,30,20,https://www.pitstoparabia.com/en/contisportcontact-6-30740
295,30,20,https://www.pitstoparabia.com/en/p-zero-325-pir1200039347-29148
295,30,26,https://www.pitstoparabia.com/en/ultra-sport-a-s-30501
295,35,19,https://www.pitstoparabia.com/en/pilot-sport-4s-mic762575-2019-29222
295,35,19,https://www.pitstoparabia.com/en/pilot-super-sport-zp-mic486703-26865
295,35,20,https://www.pitstoparabia.com/en/ht1000-zee1200032143-33606
295,35,20,https://www.pitstoparabia.com/en/potenza-re050a-19-27388
295,35,20,https://www.pitstoparabia.com/en/p-zero-320-pir1200032842-29050
295,35,20,https://www.pitstoparabia.com/en/p-zero-320-pir1200032842-33323
295,35,20,https://www.pitstoparabia.com/en/p-zero-229-32199
295,35,20,https://www.pitstoparabia.com/en/pilot-super-sport-n0-mic429255-2019-32066
295,35,20,https://www.pitstoparabia.com/en/contisportcontact-5p-n0-con3562050000-29438
295,35,20,https://www.pitstoparabia.com/en/p-zero-206-pir1200024064-33042
295,35,20,https://www.pitstoparabia.com/en/pzero-pz4-13-33041
295,35,21,https://www.pitstoparabia.com/en/pearly-1-32710
295,35,21,https://www.pitstoparabia.com/en/roadmarch-5080-31217
295,35,21,https://www.pitstoparabia.com/en/ra610-31484
295,35,21,https://www.pitstoparabia.com/en/tracmax1042-32295
295,35,21,https://www.pitstoparabia.com/en/thu-275-55r20-ht603-32258
295,35,21,https://www.pitstoparabia.com/en/su1000-zee1200032162-32799
295,35,21,https://www.pitstoparabia.com/en/atl19017-31341
295,35,21,https://www.pitstoparabia.com/en/geolandar-h-t-g056-yok-1335275-70r16-g056tl-24437
295,35,21,https://www.pitstoparabia.com/en/ventus-s1-evo2-k117a-hk-171a0102953521k117na
295,35,21,https://www.pitstoparabia.com/en/nt421q-nit-1200039992-33693
295,35,21,https://www.pitstoparabia.com/en/eco-solus-kl21-34-kum-2166173-znq-33470
295,35,21,https://www.pitstoparabia.com/en/sp-sport-maxx-050-dun35302-znq-29279
295,35,21,https://www.pitstoparabia.com/en/p-zero-300-pir12000311584-2019-27116
295,35,21,https://www.pitstoparabia.com/en/v105t-28131
295,35,21,https://www.pitstoparabia.com/en/pilot-sport-4-mic149173-27485
295,35,21,https://www.pitstoparabia.com/en/contisportcontact-5p-suv-n0-con03542280000-28422
295,35,21,https://www.pitstoparabia.com/en/p-zero-301-27117
295,35,21,https://www.pitstoparabia.com/en/eagle-f1-asymmetric-3-gy-g2953521-32591
295,35,21,https://www.pitstoparabia.com/en/p-zero-322-pir-1644-27943
295,35,21,https://www.pitstoparabia.com/en/latitude-sport-3-n1-mic433460-znq-27229
295,35,21,https://www.pitstoparabia.com/en/latitude-sport-n1-mic224029-31652
295,35,21,https://www.pitstoparabia.com/en/p-zero-300-29141
295,35,21,https://www.pitstoparabia.com/en/p-zero-300-pir12000311584-2019-33005
295,35,21,https://www.pitstoparabia.com/en/latitude-sport-3-n1-mic433460-2019-27217
295,35,21,https://www.pitstoparabia.com/en/crosscontact-uhp-mo-14-31657
295,35,21,https://www.pitstoparabia.com/en/p-zero-301-33337
295,35,21,https://www.pitstoparabia.com/en/latitude-sport-3-n0-mic387482-28094
295,35,21,https://www.pitstoparabia.com/en/p-zero-300-33329
295,35,21,https://www.pitstoparabia.com/en/latitude-sport-3-n1-mic433460-znq-32520
295,35,21,https://www.pitstoparabia.com/en/latitude-sport-3-n1-mic433460-2019-33096
295,40,19,https://www.pitstoparabia.com/en/pilot-sport-4-mic-m2954019ps4-29842
295,40,19,https://www.pitstoparabia.com/en/pilot-sport-4-mic-m2954019ps4-33498
295,40,19,https://www.pitstoparabia.com/en/pilot-sport-4-mic-m2954019ps4-33473
295,40,20,https://www.pitstoparabia.com/en/pearly-1-30635
295,40,20,https://www.pitstoparabia.com/en/thu-275-55r20-ht603-32259
295,40,20,https://www.pitstoparabia.com/en/rx-615-31809
295,40,20,https://www.pitstoparabia.com/en/eco-solus-kl21-34-5-kum-2176543-2016-32643
295,40,20,https://www.pitstoparabia.com/en/potenza-re050a-19-31643
295,40,20,https://www.pitstoparabia.com/en/pilot-sport-4-1-mic192246-29542
295,40,20,https://www.pitstoparabia.com/en/p-zero-287-pir1200011941-tmp-28242
295,40,20,https://www.pitstoparabia.com/en/contisportcontact-6-29447
295,40,20,https://www.pitstoparabia.com/en/latitude-sport-3-n0-mic815490-27486
295,40,20,https://www.pitstoparabia.com/en/crosscontact-uhp-ro-1-29910
295,40,20,https://www.pitstoparabia.com/en/pilot-sport-4-1-mic192246-33077
295,40,20,https://www.pitstoparabia.com/en/contisportcontact-6-29781
295,40,20,https://www.pitstoparabia.com/en/p-zero-287-pir1200011941-tmp-nc
295,40,20,https://www.pitstoparabia.com/en/p-zero-287-pir1200011941-tmp-33350
295,40,20,https://www.pitstoparabia.com/en/p-zero-287-pirelli-2016-2954020-33163
295,40,20,https://www.pitstoparabia.com/en/latitude-sport-ao-mic039810-33097
295,40,21,https://www.pitstoparabia.com/en/pearly-1-28926
295,40,21,https://www.pitstoparabia.com/en/pearly-1-31560
295,40,21,https://www.pitstoparabia.com/en/roadmarch-5080-31972
295,40,21,https://www.pitstoparabia.com/en/tracmax1042-26072
295,40,21,https://www.pitstoparabia.com/en/tracmax1042-32296
295,40,21,https://www.pitstoparabia.com/en/eco-solus-kl21-6-30374
295,40,21,https://www.pitstoparabia.com/en/eco-solus-kl21-6-32180
295,40,21,https://www.pitstoparabia.com/en/advan-sport-v103-6-yok-1335245-40zr19-v105stl-31380
295,40,21,https://www.pitstoparabia.com/en/sp-sport-maxx-050-dun295-40r21ard111w-2019-29341
295,40,21,https://www.pitstoparabia.com/en/ventus-s1-evo2-k117a-hk-171a0102953521k117na-29629
295,40,21,https://www.pitstoparabia.com/en/geolandar-h-t-g056-yok-1335275-70r16-g056tl-30151
295,40,21,https://www.pitstoparabia.com/en/p-zero-272-pir1200040771-28243
295,40,21,https://www.pitstoparabia.com/en/crosscontact-uhp-mo-con3548710000-znq-27543
295,40,21,https://www.pitstoparabia.com/en/eagle-f1-asymmetric-suv-gy-255-60r17106v-30412
295,40,21,https://www.pitstoparabia.com/en/p-zero-309-28874
295,40,21,https://www.pitstoparabia.com/en/contisportcontact-5-suv-mo-con03541860000-znq
295,40,21,https://www.pitstoparabia.com/en/pilot-sport-4-mic149173-28464
295,40,21,https://www.pitstoparabia.com/en/p-zero-272-pir1200040771-32993
295,40,21,https://www.pitstoparabia.com/en/p-zero-300-pir1200039383-znq-32471
295,40,21,https://www.pitstoparabia.com/en/p-zero-309-32992
295,40,21,https://www.pitstoparabia.com/en/pilot-sport-4-mic149173-33177
295,40,21,https://www.pitstoparabia.com/en/crosscontact-uhp-mo-con3548710000-znq-33456
295,40,22,https://www.pitstoparabia.com/en/eagle-f1-asymmetric-suv-ao-xl-gy-255-55r20110w-znq-28322
295,40,22,https://www.pitstoparabia.com/en/contisportcontact-5-suv-con03543660000-28420
295,40,22,https://www.pitstoparabia.com/en/contisportcontact-5p-csc5p-mo-fr-con3544230000-29911
295,40,22,https://www.pitstoparabia.com/en/scorpion-zero-22-32092
295,40,22,https://www.pitstoparabia.com/en/pilot-sport-4-1-mic192246-29094
295,40,22,https://www.pitstoparabia.com/en/contisportcontact-5-suv-con03543660000-33207
295,40,22,https://www.pitstoparabia.com/en/pilot-sport-4-1-mic192246-32068
295,45,19,https://www.pitstoparabia.com/en/pilot-sport-4-mic149173-30915
295,45,20,https://www.pitstoparabia.com/en/ro-hp-8-27248
295,45,20,https://www.pitstoparabia.com/en/latitude-sport-3-m2954520latsp3-32512
305,25,20,https://www.pitstoparabia.com/en/pilot-sport-4s-mic856217-29095
305,30,19,https://www.pitstoparabia.com/en/potenza-re050a-19-28175
305,30,19,https://www.pitstoparabia.com/en/p-zero-326-27944
305,30,19,https://www.pitstoparabia.com/en/pilot-sport-ps2-n2-12-26872
305,30,20,https://www.pitstoparabia.com/en/potenza-re050a-19-30159
305,30,20,https://www.pitstoparabia.com/en/p-zero-281-pir-275-35-21-29459
305,30,20,https://www.pitstoparabia.com/en/p-zero-325-pir1200039347-28245
305,30,20,https://www.pitstoparabia.com/en/pzero-pz4-pir12000155-ro1-33352
305,30,20,https://www.pitstoparabia.com/en/p-zero-323-pir1200024091-33043
305,30,20,https://www.pitstoparabia.com/en/p-zero-325-pir1200039347-33351
305,30,26,https://www.pitstoparabia.com/en/atl19017-30326
305,30,26,https://www.pitstoparabia.com/en/atl19017-31493
305,35,23,https://www.pitstoparabia.com/en/advan-sport-v105s-1-31617
305,35,24,https://www.pitstoparabia.com/en/iota-st68-5-31568
305,40,20,https://www.pitstoparabia.com/en/tracmax1042-31589
305,40,22,https://www.pitstoparabia.com/en/pearly-1-26348
305,40,22,https://www.pitstoparabia.com/en/su1000-zee1200038064-32800
305,45,22,https://www.pitstoparabia.com/en/kc2000-18-30851
305,45,22,https://www.pitstoparabia.com/en/atl19017-27251
305,45,22,https://www.pitstoparabia.com/en/atl19017-31780
305,70,16,https://www.pitstoparabia.com/en/thu-275-55r20-ht603-31842
315,25,23,https://www.pitstoparabia.com/en/contisportcontact-6p-con03541290000-29780
315,30,21,https://www.pitstoparabia.com/en/pilot-sport-4-mic171043-26871
315,30,21,https://www.pitstoparabia.com/en/contisportcontact-5p-ao-29912
315,30,21,https://www.pitstoparabia.com/en/p-zero-206-pir1200024064-27138
315,30,21,https://www.pitstoparabia.com/en/p-zero-206-pir1200024064-30219
315,30,21,https://www.pitstoparabia.com/en/pilot-sport-cup2-mic-m2453519pscup28-28093
315,30,21,https://www.pitstoparabia.com/en/pilot-sport-4s-mic856217-33098
315,30,21,https://www.pitstoparabia.com/en/p-zero-206-pir1200024064-33015
315,30,22,https://www.pitstoparabia.com/en/p-zero-272-pir-1448-33045
315,35,20,https://www.pitstoparabia.com/en/tracmax1042-32316
315,35,20,https://www.pitstoparabia.com/en/pearly-1-32722
315,35,20,https://www.pitstoparabia.com/en/thu-275-55r20-ht603-32260
315,35,20,https://www.pitstoparabia.com/en/atl19017-31763
315,35,20,https://www.pitstoparabia.com/en/grand-sport-a-s-27768
315,35,20,https://www.pitstoparabia.com/en/eco-solus-kl21-34-6-28673
315,35,20,https://www.pitstoparabia.com/en/nfera-ru5-roa1200031492-32933
315,35,20,https://www.pitstoparabia.com/en/nfera-ru5-nex-315-35r20-110w-znq-28025
315,35,20,https://www.pitstoparabia.com/en/wildpeak-h-t01-28870
315,35,20,https://www.pitstoparabia.com/en/eco-solus-kl21-34-6-32187
315,35,20,https://www.pitstoparabia.com/en/max050-dun35300-2015-29339
315,35,20,https://www.pitstoparabia.com/en/dueler-h-p-sport-as-xl-12-1-27699
315,35,20,https://www.pitstoparabia.com/en/ventus-s1-evo2-k117-hk-171a0103153520yk117a-28276
315,35,20,https://www.pitstoparabia.com/en/dueler-h-p-sport-as-xl-12-1-28650
315,35,20,https://www.pitstoparabia.com/en/p-zero-272-pir1200044266-znq-27493
315,35,20,https://www.pitstoparabia.com/en/latitude-sport-3-72-26867
315,35,20,https://www.pitstoparabia.com/en/dueler-h-p-sport-as-xl-12-1-32479
315,35,20,https://www.pitstoparabia.com/en/contisportcontact-5-suv-ssr-4-29913
315,35,20,https://www.pitstoparabia.com/en/pilot-sport-4-mic795291-2017-26870
315,35,20,https://www.pitstoparabia.com/en/latitude-sport-3-72-32069
315,35,20,https://www.pitstoparabia.com/en/latitude-sport-3-mic-315-35-20-znq-27909
315,35,20,https://www.pitstoparabia.com/en/contisportcontact-5-suv-ssr-4-33455
315,35,20,https://www.pitstoparabia.com/en/latitude-sport-3-mic-315-35-20-znq-33483
315,35,21,https://www.pitstoparabia.com/en/tracmax1042-26029
315,35,21,https://www.pitstoparabia.com/en/tracmax1042-29812
315,35,21,https://www.pitstoparabia.com/en/thu-275-55r20-ht603-32406
315,35,21,https://www.pitstoparabia.com/en/ra610-31483
315,35,21,https://www.pitstoparabia.com/en/tracmax1042-32297
315,35,21,https://www.pitstoparabia.com/en/iota-st68-39-31848
315,35,21,https://www.pitstoparabia.com/en/rx-615-31810
315,35,21,https://www.pitstoparabia.com/en/ventus-v12-evo2-k120-1-hk-171a0102254517yk120a-25837
315,35,21,https://www.pitstoparabia.com/en/dueler-h-p-sport-8-3-28167
315,35,21,https://www.pitstoparabia.com/en/ventus-v12-evo2-k120-1-hk-171a0102254517yk120a-30398
315,35,21,https://www.pitstoparabia.com/en/p-zero-228-pir-3153521pzn9-27124
315,35,21,https://www.pitstoparabia.com/en/advan-sport-v105s-13-30475
315,35,21,https://www.pitstoparabia.com/en/p-zero-228-pir-3153521pzn9-33319
315,35,21,https://www.pitstoparabia.com/en/p-zero-272-pir1200044266-znq-32540
315,35,22,https://www.pitstoparabia.com/en/contipremiumcontact-2-con3570820000-29555
315,40,21,https://www.pitstoparabia.com/en/thu-275-55r20-ht603-31825
315,40,21,https://www.pitstoparabia.com/en/eco-solus-kl21-34-3-kum-2155513-32274
315,40,21,https://www.pitstoparabia.com/en/pzero-pz4-n1-pir235-35r20-2019-29423
315,40,21,https://www.pitstoparabia.com/en/contisportcontact-6-29329
315,40,21,https://www.pitstoparabia.com/en/p-zero-272-pir-1448-29143
315,40,21,https://www.pitstoparabia.com/en/pzero-pz4-n1-pir235-35r20-2019-32994
315,40,21,https://www.pitstoparabia.com/en/contisportcontact-6-30743
315,40,21,https://www.pitstoparabia.com/en/p-zero-325-pir1200039347-30642
315,70,17,https://www.pitstoparabia.com/en/road-venture-at51-13-mr-315-70r17-at51
315,70,17,https://www.pitstoparabia.com/en/geolandar-at-g015-yok-1335285-60r18-g015tl-27949
315,70,17,https://www.pitstoparabia.com/en/geolandar-at-g015-yok-1335285-60r18-g015tl-32116
315,70,17,https://www.pitstoparabia.com/en/all-terrain-t-a-ko2-10-bfg-146104-29188
315,70,17,https://www.pitstoparabia.com/en/all-terrain-t-a-ko2-10-bfg-406040-31072
315,70,17,https://www.pitstoparabia.com/en/wrangler-duratrac-2-32320
315,70,17,https://www.pitstoparabia.com/en/wrangler-mt-r-3-32321
315,75,16,https://www.pitstoparabia.com/en/thu-275-55r20-ht603-26881
325,25,20,https://www.pitstoparabia.com/en/pilot-sport-4s-mic710250-26863
325,30,21,https://www.pitstoparabia.com/en/pearly-1-30287
325,30,21,https://www.pitstoparabia.com/en/sp-sport-maxx-gt-xl-dun30100-30260
325,30,21,https://www.pitstoparabia.com/en/pilot-sport-4s-mic646881-29998
325,30,21,https://www.pitstoparabia.com/en/pilot-super-sport-mo-1-mic62286-27653
325,30,21,https://www.pitstoparabia.com/en/pilot-sport-4-mic694692-29097
325,30,21,https://www.pitstoparabia.com/en/eagle-f1-asymmetric-3-gy-g2753020-32339
325,30,21,https://www.pitstoparabia.com/en/pilot-sport-cup2-mic-m3253021pscup2-33103
325,30,21,https://www.pitstoparabia.com/en/pilot-sport-cup2-n0-mic940469-33188
325,35,22,https://www.pitstoparabia.com/en/rx-615-31732
325,35,22,https://www.pitstoparabia.com/en/contisportcontact-5p-csc5p-mo-fr-c03564820000-2019
325,35,22,https://www.pitstoparabia.com/en/contisportcontact-5p-csc5p-mo-fr-c03564820000-2019-32431
325,35,22,https://www.pitstoparabia.com/en/p-zero-325-pir1200039347-29144
325,35,22,https://www.pitstoparabia.com/en/p-zero-325-pir1200039347-29460
325,35,22,https://www.pitstoparabia.com/en/p-zero-325-pir1200039347-32093
325,35,22,https://www.pitstoparabia.com/en/p-zero-258-pir1200038745-nc
325,35,22,https://www.pitstoparabia.com/en/p-zero-272-pir-1448-33331
325,35,22,https://www.pitstoparabia.com/en/p-zero-281-pir-275-35-21-30217
325,35,22,https://www.pitstoparabia.com/en/p-zero-281-pir-275-35-21-33353
325,40,22,https://www.pitstoparabia.com/en/comfortcontact-cc6-con3585990000-27579
325,40,22,https://www.pitstoparabia.com/en/comfortcontact-cc6-con3585990000-32433
335,25,22,https://www.pitstoparabia.com/en/contisportcontact-6-csc6-fr-xl-c03571990000-29914
335,30,20,https://www.pitstoparabia.com/en/p-zero-328-30227
31X,10.5,15,https://www.pitstoparabia.com/en/thu-275-55r20-ht603-31602
31X,10.5,15,https://www.pitstoparabia.com/en/road-venture-at51-1-27428
31X,10.5,15,https://www.pitstoparabia.com/en/ro-htx-rh5-74-32443
31X,10.5,15,https://www.pitstoparabia.com/en/geolandar-h-t-g056-29
31X,10.5,15,https://www.pitstoparabia.com/en/ro-mt-1-1-32693
31X,10.5,15,https://www.pitstoparabia.com/en/geolandar-h-t-g056-29-28913
31X,10.5,15,https://www.pitstoparabia.com/en/geolandar-at-g015-yok-1335285-60r18-g015tl-28551
31X,10.5,15,https://www.pitstoparabia.com/en/all-terrain-t-a-ko2-bfg-875678-29189
33X,12.5,15,https://www.pitstoparabia.com/en/thu-275-55r20-ht603-31522
33X,12.5,17,https://www.pitstoparabia.com/en/thu-275-55r20-ht603-31280
33X,12.5,17,https://www.pitstoparabia.com/en/tamarock-at-27782
33X,12.5,18,https://www.pitstoparabia.com/en/tamarock-at-27783
35X,12.5,15,https://www.pitstoparabia.com/en/discoverer-stt-pro-5
35X,12.5,17,https://www.pitstoparabia.com/en/tamarock-at-27784
35X,12.5,17,https://www.pitstoparabia.com/en/road-venture-mt-kl71-8-30148
35X,12.5,17,https://www.pitstoparabia.com/en/mud-terrain-ta-km3-bfg-135676-29191
35X,12.5,17,https://www.pitstoparabia.com/en/all-terrain-t-a-ko2-bfg-111728-28531
35X,12.5,20,https://www.pitstoparabia.com/en/tamarock-at-27786
35X,12.5,20,https://www.pitstoparabia.com/en/all-terrain-t-a-ko2-10-bfg-406040-29192
